{
  "title": "1587859734361.jpg",
  "description": "",
  "imageViews": "3",
  "creationTime": {
    "timestamp": "1611789673",
    "formatted": "27 ม.ค. 2564 23 นาฬิกา 21 นาที 13 วินาที UTC"
  },
  "photoTakenTime": {
    "timestamp": "1596903377",
    "formatted": "8 ส.ค. 2563 16 นาฬิกา 16 นาที 17 วินาที UTC"
  },
  "geoData": {
    "latitude": 0.0,
    "longitude": 0.0,
    "altitude": 0.0,
    "latitudeSpan": 0.0,
    "longitudeSpan": 0.0
  },
  "geoDataExif": {
    "latitude": 0.0,
    "longitude": 0.0,
    "altitude": 0.0,
    "latitudeSpan": 0.0,
    "longitudeSpan": 0.0
  },
  "url": "https://lh3.googleusercontent.com/nJu-E-m1IcpTlrbA8eHs6jk47LlSIHVBEnUgCvOwfzoKMEBYLVHDEg3Cl5GB4Q7FNob26_WUcEkCqh60K_7lxRbAm2jVSNAIAfTa",
  "googlePhotosOrigin": {
    "mobileUpload": {
      "deviceFolder": {
        "localFolderName": "photo"
      },
      "deviceType": "ANDROID_PHONE"
    }
  }
}