{
  "title": "61164421_100628707863367_3326209797157552128_o_100628701196701.jpg",
  "description": "",
  "imageViews": "3",
  "creationTime": {
    "timestamp": "1611789709",
    "formatted": "27 ม.ค. 2564 23 นาฬิกา 21 นาที 49 วินาที UTC"
  },
  "photoTakenTime": {
    "timestamp": "1596903385",
    "formatted": "8 ส.ค. 2563 16 นาฬิกา 16 นาที 25 วินาที UTC"
  },
  "geoData": {
    "latitude": 0.0,
    "longitude": 0.0,
    "altitude": 0.0,
    "latitudeSpan": 0.0,
    "longitudeSpan": 0.0
  },
  "geoDataExif": {
    "latitude": 0.0,
    "longitude": 0.0,
    "altitude": 0.0,
    "latitudeSpan": 0.0,
    "longitudeSpan": 0.0
  },
  "url": "https://lh3.googleusercontent.com/-VGx9LaeeGbWVGEgXscSf2F0E1rVXjWL_G77lPxXzM-3s0QexXFqiRq0dlclTgnBrjth0qnZ6Oh8EIrRNxWavSuJn7bvRVEHWl06",
  "googlePhotosOrigin": {
    "mobileUpload": {
      "deviceFolder": {
        "localFolderName": "photo"
      },
      "deviceType": "ANDROID_PHONE"
    }
  }
}