{
  "title": "62178112_304216370519290_1627463048048410624_n_304216333852627.jpg",
  "description": "",
  "imageViews": "3",
  "creationTime": {
    "timestamp": "1611789713",
    "formatted": "27 ม.ค. 2564 23 นาฬิกา 21 นาที 53 วินาที UTC"
  },
  "photoTakenTime": {
    "timestamp": "1596903385",
    "formatted": "8 ส.ค. 2563 16 นาฬิกา 16 นาที 25 วินาที UTC"
  },
  "geoData": {
    "latitude": 0.0,
    "longitude": 0.0,
    "altitude": 0.0,
    "latitudeSpan": 0.0,
    "longitudeSpan": 0.0
  },
  "geoDataExif": {
    "latitude": 0.0,
    "longitude": 0.0,
    "altitude": 0.0,
    "latitudeSpan": 0.0,
    "longitudeSpan": 0.0
  },
  "url": "https://lh3.googleusercontent.com/iQfALgJ2OjGmEeNu_iSPsyEz6b01BXu2HnO8tjals7o9VNiFwhUA1XTJHlPqYbIk5tIQ5xpXqCsapWWMYIaXw5FGE7cK4ohpnpWk",
  "googlePhotosOrigin": {
    "mobileUpload": {
      "deviceFolder": {
        "localFolderName": "photo"
      },
      "deviceType": "ANDROID_PHONE"
    }
  }
}