{
  "title": "68375109_132848097974761_3287297870197161984_o_132848091308095.jpg",
  "description": "",
  "imageViews": "4",
  "creationTime": {
    "timestamp": "1611789713",
    "formatted": "27 ม.ค. 2564 23 นาฬิกา 21 นาที 53 วินาที UTC"
  },
  "photoTakenTime": {
    "timestamp": "1596903390",
    "formatted": "8 ส.ค. 2563 16 นาฬิกา 16 นาที 30 วินาที UTC"
  },
  "geoData": {
    "latitude": 0.0,
    "longitude": 0.0,
    "altitude": 0.0,
    "latitudeSpan": 0.0,
    "longitudeSpan": 0.0
  },
  "geoDataExif": {
    "latitude": 0.0,
    "longitude": 0.0,
    "altitude": 0.0,
    "latitudeSpan": 0.0,
    "longitudeSpan": 0.0
  },
  "url": "https://lh3.googleusercontent.com/faoGgH2nm3LNUu8nb5_5xICAr-ieNtiTQthExbxC28YPo8Q1j_c7m10XPoB6luybkPR-gAr0Rr-JDkk8fSQ3gDLQr_Lq1nbdYIfA",
  "googlePhotosOrigin": {
    "mobileUpload": {
      "deviceFolder": {
        "localFolderName": "photo"
      },
      "deviceType": "ANDROID_PHONE"
    }
  }
}