{
  "title": "70235081_688573658329874_6645168740331683840_n_688573654996541.jpg",
  "description": "",
  "imageViews": "3",
  "creationTime": {
    "timestamp": "1611789632",
    "formatted": "27 ม.ค. 2564 23 นาฬิกา 20 นาที 32 วินาที UTC"
  },
  "photoTakenTime": {
    "timestamp": "1596903371",
    "formatted": "8 ส.ค. 2563 16 นาฬิกา 16 นาที 11 วินาที UTC"
  },
  "geoData": {
    "latitude": 0.0,
    "longitude": 0.0,
    "altitude": 0.0,
    "latitudeSpan": 0.0,
    "longitudeSpan": 0.0
  },
  "geoDataExif": {
    "latitude": 0.0,
    "longitude": 0.0,
    "altitude": 0.0,
    "latitudeSpan": 0.0,
    "longitudeSpan": 0.0
  },
  "url": "https://lh3.googleusercontent.com/CURinkty8cEOfgw-VfL-7Yzib8J7MbnCE9f3CzMJ95uCeXwyissUZ5FMVJ2xH8WYuBRCGagjjNfcU9qoJrKQmMxzCkkq5bTQNUqP",
  "googlePhotosOrigin": {
    "mobileUpload": {
      "deviceFolder": {
        "localFolderName": "photo"
      },
      "deviceType": "ANDROID_PHONE"
    }
  }
}