{
  "title": "71383180_138791710713733_7639576221952507904_o_138791707380400.jpg",
  "description": "",
  "imageViews": "3",
  "creationTime": {
    "timestamp": "1611789620",
    "formatted": "27 ม.ค. 2564 23 นาฬิกา 20 นาที 20 วินาที UTC"
  },
  "photoTakenTime": {
    "timestamp": "1596903371",
    "formatted": "8 ส.ค. 2563 16 นาฬิกา 16 นาที 11 วินาที UTC"
  },
  "geoData": {
    "latitude": 0.0,
    "longitude": 0.0,
    "altitude": 0.0,
    "latitudeSpan": 0.0,
    "longitudeSpan": 0.0
  },
  "geoDataExif": {
    "latitude": 0.0,
    "longitude": 0.0,
    "altitude": 0.0,
    "latitudeSpan": 0.0,
    "longitudeSpan": 0.0
  },
  "url": "https://lh3.googleusercontent.com/YGmw3NfURe2QDs84ZUaGDwNYdYK9jz23Gcfhvj0HJCiz66N_FXTdV6MOtMM7TtMQUHnLEqgaPTjaebamj3kjpBh8F8qI7m-BJOV-",
  "googlePhotosOrigin": {
    "mobileUpload": {
      "deviceFolder": {
        "localFolderName": "photo"
      },
      "deviceType": "ANDROID_PHONE"
    }
  }
}