{
  "title": "71518980_141783060414598_4695681422524940288_o_141783057081265.jpg",
  "description": "",
  "imageViews": "3",
  "creationTime": {
    "timestamp": "1611789655",
    "formatted": "27 ม.ค. 2564 23 นาฬิกา 20 นาที 55 วินาที UTC"
  },
  "photoTakenTime": {
    "timestamp": "1596903374",
    "formatted": "8 ส.ค. 2563 16 นาฬิกา 16 นาที 14 วินาที UTC"
  },
  "geoData": {
    "latitude": 0.0,
    "longitude": 0.0,
    "altitude": 0.0,
    "latitudeSpan": 0.0,
    "longitudeSpan": 0.0
  },
  "geoDataExif": {
    "latitude": 0.0,
    "longitude": 0.0,
    "altitude": 0.0,
    "latitudeSpan": 0.0,
    "longitudeSpan": 0.0
  },
  "url": "https://lh3.googleusercontent.com/II2jxtaOVK_x3_mNyH_SyAoZLlDtEj74rmofGF9Gb497tbrQVz-HwYQBtZOmwGz9WNQrjTHv-yupKNO_z4pSt3iRDLwmxDcon9By",
  "googlePhotosOrigin": {
    "mobileUpload": {
      "deviceFolder": {
        "localFolderName": "photo"
      },
      "deviceType": "ANDROID_PHONE"
    }
  }
}