{
  "title": "72720509_146144579978446_1616340568810455040_o_146144569978447.jpg",
  "description": "",
  "imageViews": "3",
  "creationTime": {
    "timestamp": "1611789649",
    "formatted": "27 ม.ค. 2564 23 นาฬิกา 20 นาที 49 วินาที UTC"
  },
  "photoTakenTime": {
    "timestamp": "1596903373",
    "formatted": "8 ส.ค. 2563 16 นาฬิกา 16 นาที 13 วินาที UTC"
  },
  "geoData": {
    "latitude": 0.0,
    "longitude": 0.0,
    "altitude": 0.0,
    "latitudeSpan": 0.0,
    "longitudeSpan": 0.0
  },
  "geoDataExif": {
    "latitude": 0.0,
    "longitude": 0.0,
    "altitude": 0.0,
    "latitudeSpan": 0.0,
    "longitudeSpan": 0.0
  },
  "url": "https://lh3.googleusercontent.com/f3nhWB-SamehWNFFwkmKtAZ9UYGVKK1RSJ-T29imeEpjlbnW4eKsqCbhwrpMkLHVuP40w-JZ_-r8FP05Um1kD3k90XioWX9vzndK",
  "googlePhotosOrigin": {
    "mobileUpload": {
      "deviceFolder": {
        "localFolderName": "photo"
      },
      "deviceType": "ANDROID_PHONE"
    }
  }
}