{
  "title": "75224879_146144576645113_4402685462330736640_o_146144563311781.jpg",
  "description": "",
  "imageViews": "3",
  "creationTime": {
    "timestamp": "1611789627",
    "formatted": "27 ม.ค. 2564 23 นาฬิกา 20 นาที 27 วินาที UTC"
  },
  "photoTakenTime": {
    "timestamp": "1596903371",
    "formatted": "8 ส.ค. 2563 16 นาฬิกา 16 นาที 11 วินาที UTC"
  },
  "geoData": {
    "latitude": 0.0,
    "longitude": 0.0,
    "altitude": 0.0,
    "latitudeSpan": 0.0,
    "longitudeSpan": 0.0
  },
  "geoDataExif": {
    "latitude": 0.0,
    "longitude": 0.0,
    "altitude": 0.0,
    "latitudeSpan": 0.0,
    "longitudeSpan": 0.0
  },
  "url": "https://lh3.googleusercontent.com/3ZXOMCKMfAc4vKzi-Zl77W94sOKW6dIr5GGskTwPGKjDXcno_mM5Y-xRIhTwL-aKET8_-xj4MSUjU-87Zuwn00fLiY8xG3O18ray",
  "googlePhotosOrigin": {
    "mobileUpload": {
      "deviceFolder": {
        "localFolderName": "photo"
      },
      "deviceType": "ANDROID_PHONE"
    }
  }
}