{
  "title": "79711278_157576045501966_4363485424669163520_o_157576038835300.jpg",
  "description": "",
  "imageViews": "4",
  "creationTime": {
    "timestamp": "1611789644",
    "formatted": "27 ม.ค. 2564 23 นาฬิกา 20 นาที 44 วินาที UTC"
  },
  "photoTakenTime": {
    "timestamp": "1596903372",
    "formatted": "8 ส.ค. 2563 16 นาฬิกา 16 นาที 12 วินาที UTC"
  },
  "geoData": {
    "latitude": 0.0,
    "longitude": 0.0,
    "altitude": 0.0,
    "latitudeSpan": 0.0,
    "longitudeSpan": 0.0
  },
  "geoDataExif": {
    "latitude": 0.0,
    "longitude": 0.0,
    "altitude": 0.0,
    "latitudeSpan": 0.0,
    "longitudeSpan": 0.0
  },
  "url": "https://lh3.googleusercontent.com/5yqyfe7PFOtoKqUbOYSzNrlDbcuVyaWv3Ysrt7R9UKFCIkwn4aAEcoN7dlYAliueDvQ5REtVCsa2gSbc7V5PxBRg_pMHtrdS6wm1",
  "googlePhotosOrigin": {
    "mobileUpload": {
      "deviceFolder": {
        "localFolderName": "photo"
      },
      "deviceType": "ANDROID_PHONE"
    }
  }
}