{
  "title": "FB_IMG_1587287472686.jpg",
  "description": "",
  "imageViews": "3",
  "creationTime": {
    "timestamp": "1611789673",
    "formatted": "27 ม.ค. 2564 23 นาฬิกา 21 นาที 13 วินาที UTC"
  },
  "photoTakenTime": {
    "timestamp": "1596903379",
    "formatted": "8 ส.ค. 2563 16 นาฬิกา 16 นาที 19 วินาที UTC"
  },
  "geoData": {
    "latitude": 0.0,
    "longitude": 0.0,
    "altitude": 0.0,
    "latitudeSpan": 0.0,
    "longitudeSpan": 0.0
  },
  "geoDataExif": {
    "latitude": 0.0,
    "longitude": 0.0,
    "altitude": 0.0,
    "latitudeSpan": 0.0,
    "longitudeSpan": 0.0
  },
  "url": "https://lh3.googleusercontent.com/8gRHmcTK1GcD3JuPLlLdjyRx5xD5DhYs8byZmSaaSyoTzuTV11417SxCjR2R1HC92SuPEoezdwehewgq0qkLZK3bfMH86IK5xRqi",
  "googlePhotosOrigin": {
    "mobileUpload": {
      "deviceFolder": {
        "localFolderName": "photo"
      },
      "deviceType": "ANDROID_PHONE"
    }
  }
}