{
  "title": "FB_IMG_1587287475502.jpg",
  "description": "",
  "imageViews": "4",
  "creationTime": {
    "timestamp": "1611789655",
    "formatted": "27 ม.ค. 2564 23 นาฬิกา 20 นาที 55 วินาที UTC"
  },
  "photoTakenTime": {
    "timestamp": "1596903375",
    "formatted": "8 ส.ค. 2563 16 นาฬิกา 16 นาที 15 วินาที UTC"
  },
  "geoData": {
    "latitude": 0.0,
    "longitude": 0.0,
    "altitude": 0.0,
    "latitudeSpan": 0.0,
    "longitudeSpan": 0.0
  },
  "geoDataExif": {
    "latitude": 0.0,
    "longitude": 0.0,
    "altitude": 0.0,
    "latitudeSpan": 0.0,
    "longitudeSpan": 0.0
  },
  "url": "https://lh3.googleusercontent.com/oXp_t18WzWYXjeitnagkfb7xU8BZtC3tXq1AOYP05Nf1x7jNEKlLR_mOGCc_yBeNpRELgirHy48xkMsvWT_HZnNm6DHaN63OSl-a",
  "googlePhotosOrigin": {
    "mobileUpload": {
      "deviceFolder": {
        "localFolderName": "photo"
      },
      "deviceType": "ANDROID_PHONE"
    }
  }
}