{
  "title": "IMG_20200802_164420.jpg",
  "description": "",
  "imageViews": "3",
  "creationTime": {
    "timestamp": "1611789606",
    "formatted": "27 ม.ค. 2564 23 นาฬิกา 20 นาที 06 วินาที UTC"
  },
  "photoTakenTime": {
    "timestamp": "1596357753",
    "formatted": "2 ส.ค. 2563 8 นาฬิกา 42 นาที 33 วินาที UTC"
  },
  "geoData": {
    "latitude": 0.0,
    "longitude": 0.0,
    "altitude": 0.0,
    "latitudeSpan": 0.0,
    "longitudeSpan": 0.0
  },
  "geoDataExif": {
    "latitude": 0.0,
    "longitude": 0.0,
    "altitude": 0.0,
    "latitudeSpan": 0.0,
    "longitudeSpan": 0.0
  },
  "url": "https://lh3.googleusercontent.com/wWeJgb0QbrpWeOu4SeZ2fIjenvFO9zIfzQig3b1BLoYT487aiLwWHhPyLVMsRc3FKRaubx83w_REo8S1wWYUVFAiHUa7E8te9vkw",
  "googlePhotosOrigin": {
    "mobileUpload": {
      "deviceFolder": {
        "localFolderName": "photo"
      },
      "deviceType": "ANDROID_PHONE"
    }
  }
}