{
  "title": "IMG_20200426_065713.JPG",
  "description": "",
  "imageViews": "4",
  "creationTime": {
    "timestamp": "1611789698",
    "formatted": "27 ม.ค. 2564 23 นาฬิกา 21 นาที 38 วินาที UTC"
  },
  "photoTakenTime": {
    "timestamp": "1596903382",
    "formatted": "8 ส.ค. 2563 16 นาฬิกา 16 นาที 22 วินาที UTC"
  },
  "geoData": {
    "latitude": 0.0,
    "longitude": 0.0,
    "altitude": 0.0,
    "latitudeSpan": 0.0,
    "longitudeSpan": 0.0
  },
  "geoDataExif": {
    "latitude": 0.0,
    "longitude": 0.0,
    "altitude": 0.0,
    "latitudeSpan": 0.0,
    "longitudeSpan": 0.0
  },
  "url": "https://lh3.googleusercontent.com/WJ9VRAVtYZFMI9wKlY8YjUvUJ0shK9CnTSr5-xX-1X6xubluZGOKEuRK0LFI1EPEC6tCKIMjkgQd1GqKy8Z8zvVg2AnOCCzexMeX",
  "googlePhotosOrigin": {
    "mobileUpload": {
      "deviceFolder": {
        "localFolderName": "photo"
      },
      "deviceType": "ANDROID_PHONE"
    }
  }
}