{
  "title": "IMG_20200806_175613.jpg",
  "description": "",
  "imageViews": "3",
  "creationTime": {
    "timestamp": "1611789614",
    "formatted": "27 ม.ค. 2564 23 นาฬิกา 20 นาที 14 วินาที UTC"
  },
  "photoTakenTime": {
    "timestamp": "1596707406",
    "formatted": "6 ส.ค. 2563 9 นาฬิกา 50 นาที 06 วินาที UTC"
  },
  "geoData": {
    "latitude": 0.0,
    "longitude": 0.0,
    "altitude": 0.0,
    "latitudeSpan": 0.0,
    "longitudeSpan": 0.0
  },
  "geoDataExif": {
    "latitude": 0.0,
    "longitude": 0.0,
    "altitude": 0.0,
    "latitudeSpan": 0.0,
    "longitudeSpan": 0.0
  },
  "url": "https://lh3.googleusercontent.com/9fFaohcs2Q1T65z1qS10__gtNXSW9BunfsBIgA88Q9NMOorqEy73I63QgEqSToCuWqqC9zPx_R1HEd2D8XhgpLeT_mu8JRlp49Nh",
  "googlePhotosOrigin": {
    "mobileUpload": {
      "deviceFolder": {
        "localFolderName": "photo"
      },
      "deviceType": "ANDROID_PHONE"
    }
  }
}