{
  "title": "IMG_20200329_005858.JPG",
  "description": "",
  "imageViews": "3",
  "creationTime": {
    "timestamp": "1611789663",
    "formatted": "27 ม.ค. 2564 23 นาฬิกา 21 นาที 03 วินาที UTC"
  },
  "photoTakenTime": {
    "timestamp": "1596903376",
    "formatted": "8 ส.ค. 2563 16 นาฬิกา 16 นาที 16 วินาที UTC"
  },
  "geoData": {
    "latitude": 0.0,
    "longitude": 0.0,
    "altitude": 0.0,
    "latitudeSpan": 0.0,
    "longitudeSpan": 0.0
  },
  "geoDataExif": {
    "latitude": 0.0,
    "longitude": 0.0,
    "altitude": 0.0,
    "latitudeSpan": 0.0,
    "longitudeSpan": 0.0
  },
  "url": "https://lh3.googleusercontent.com/UKv_HCA-iK3tbOlegRl10ygvRgSxXDfoZZjZwAYMu0UIsBqEcxr_5OdSUlzYWJZz9H14_8cQQWOAqdMp5nUwKQqSHIdNZJK7OtZj",
  "googlePhotosOrigin": {
    "mobileUpload": {
      "deviceFolder": {
        "localFolderName": "photo"
      },
      "deviceType": "ANDROID_PHONE"
    }
  }
}