{
  "title": "IMG_20200731_215823.jpg",
  "description": "",
  "imageViews": "3",
  "creationTime": {
    "timestamp": "1611789563",
    "formatted": "27 ม.ค. 2564 23 นาฬิกา 19 นาที 23 วินาที UTC"
  },
  "photoTakenTime": {
    "timestamp": "1596203494",
    "formatted": "31 ก.ค. 2563 13 นาฬิกา 51 นาที 34 วินาที UTC"
  },
  "geoData": {
    "latitude": 0.0,
    "longitude": 0.0,
    "altitude": 0.0,
    "latitudeSpan": 0.0,
    "longitudeSpan": 0.0
  },
  "geoDataExif": {
    "latitude": 0.0,
    "longitude": 0.0,
    "altitude": 0.0,
    "latitudeSpan": 0.0,
    "longitudeSpan": 0.0
  },
  "url": "https://lh3.googleusercontent.com/6Bgz2_2Pbu941cT0pme4HQ5xwRzHEbF5_N2rCq7TARzBh4jYVVikSYLud4PERZqzN3w-VFBUkAfXB_YgL2AT-smdncKyl4qJbrn3",
  "googlePhotosOrigin": {
    "mobileUpload": {
      "deviceFolder": {
        "localFolderName": "photo"
      },
      "deviceType": "ANDROID_PHONE"
    }
  }
}