{
  "title": "IMG_20200723_123322.jpg",
  "description": "",
  "imageViews": "3",
  "creationTime": {
    "timestamp": "1611789496",
    "formatted": "27 ม.ค. 2564 23 นาฬิกา 18 นาที 16 วินาที UTC"
  },
  "photoTakenTime": {
    "timestamp": "1595478570",
    "formatted": "23 ก.ค. 2563 4 นาฬิกา 29 นาที 30 วินาที UTC"
  },
  "geoData": {
    "latitude": 0.0,
    "longitude": 0.0,
    "altitude": 0.0,
    "latitudeSpan": 0.0,
    "longitudeSpan": 0.0
  },
  "geoDataExif": {
    "latitude": 0.0,
    "longitude": 0.0,
    "altitude": 0.0,
    "latitudeSpan": 0.0,
    "longitudeSpan": 0.0
  },
  "url": "https://lh3.googleusercontent.com/vNrbPEUjisGR7PqrKl1lRo1pU4Hz1sOz9qGy9ruoAZRZKDnW788WIPlfLk_RxFHL0PfmHMPSh-_qeWnDwaHHOQNWiacSSk6fg2e1",
  "googlePhotosOrigin": {
    "mobileUpload": {
      "deviceFolder": {
        "localFolderName": "photo"
      },
      "deviceType": "ANDROID_PHONE"
    }
  }
}