{
  "title": "IMG_20200802_164317.jpg",
  "description": "",
  "imageViews": "3",
  "creationTime": {
    "timestamp": "1611789597",
    "formatted": "27 ม.ค. 2564 23 นาฬิกา 19 นาที 57 วินาที UTC"
  },
  "photoTakenTime": {
    "timestamp": "1596357753",
    "formatted": "2 ส.ค. 2563 8 นาฬิกา 42 นาที 33 วินาที UTC"
  },
  "geoData": {
    "latitude": 0.0,
    "longitude": 0.0,
    "altitude": 0.0,
    "latitudeSpan": 0.0,
    "longitudeSpan": 0.0
  },
  "geoDataExif": {
    "latitude": 0.0,
    "longitude": 0.0,
    "altitude": 0.0,
    "latitudeSpan": 0.0,
    "longitudeSpan": 0.0
  },
  "url": "https://lh3.googleusercontent.com/Ki3kI1oNUePAcVwVmGyxI2Url0NKLcF0SOc8NQD-yDV3VYv2RYYyYuuu7ExAM9GLgBYO3NbUe6Esjm5TLukbB67xP3VlEfvhQaZu",
  "googlePhotosOrigin": {
    "mobileUpload": {
      "deviceFolder": {
        "localFolderName": "photo"
      },
      "deviceType": "ANDROID_PHONE"
    }
  }
}