{
  "title": "IMG_20200329_005451.JPG",
  "description": "",
  "imageViews": "3",
  "creationTime": {
    "timestamp": "1611789670",
    "formatted": "27 ม.ค. 2564 23 นาฬิกา 21 นาที 10 วินาที UTC"
  },
  "photoTakenTime": {
    "timestamp": "1596903376",
    "formatted": "8 ส.ค. 2563 16 นาฬิกา 16 นาที 16 วินาที UTC"
  },
  "geoData": {
    "latitude": 0.0,
    "longitude": 0.0,
    "altitude": 0.0,
    "latitudeSpan": 0.0,
    "longitudeSpan": 0.0
  },
  "geoDataExif": {
    "latitude": 0.0,
    "longitude": 0.0,
    "altitude": 0.0,
    "latitudeSpan": 0.0,
    "longitudeSpan": 0.0
  },
  "url": "https://lh3.googleusercontent.com/JHzFffNDuYdlPodY-KDDMVe9XlvL2od0WxkvqSKLtMkt3TGj8JCWfsfLjAfl-R_z9yzM-HOzhZiF3qwg-6BnGGdXu6W393HK9fP0",
  "googlePhotosOrigin": {
    "mobileUpload": {
      "deviceFolder": {
        "localFolderName": "photo"
      },
      "deviceType": "ANDROID_PHONE"
    }
  }
}