{
  "title": "IMG_20200426_103143.JPG",
  "description": "",
  "imageViews": "3",
  "creationTime": {
    "timestamp": "1611789689",
    "formatted": "27 ม.ค. 2564 23 นาฬิกา 21 นาที 29 วินาที UTC"
  },
  "photoTakenTime": {
    "timestamp": "1596903380",
    "formatted": "8 ส.ค. 2563 16 นาฬิกา 16 นาที 20 วินาที UTC"
  },
  "geoData": {
    "latitude": 0.0,
    "longitude": 0.0,
    "altitude": 0.0,
    "latitudeSpan": 0.0,
    "longitudeSpan": 0.0
  },
  "geoDataExif": {
    "latitude": 0.0,
    "longitude": 0.0,
    "altitude": 0.0,
    "latitudeSpan": 0.0,
    "longitudeSpan": 0.0
  },
  "url": "https://lh3.googleusercontent.com/ywsaTTBCMlhoTehwy6W5nC4rbmrdsNPtoEO8HSPv8FYbKOm8e2XLzslu2ORx4bU5e3w1Pd4gSaD1Y8mRJ2aZhmEjxujLoL6JfHiY",
  "googlePhotosOrigin": {
    "mobileUpload": {
      "deviceFolder": {
        "localFolderName": "photo"
      },
      "deviceType": "ANDROID_PHONE"
    }
  }
}