{
  "title": "Instagram post by south side_BBU6UBhSMNX(JPG).jpg",
  "description": "",
  "imageViews": "3",
  "creationTime": {
    "timestamp": "1611789698",
    "formatted": "27 ม.ค. 2564 23 นาฬิกา 21 นาที 38 วินาที UTC"
  },
  "photoTakenTime": {
    "timestamp": "1596903382",
    "formatted": "8 ส.ค. 2563 16 นาฬิกา 16 นาที 22 วินาที UTC"
  },
  "geoData": {
    "latitude": 0.0,
    "longitude": 0.0,
    "altitude": 0.0,
    "latitudeSpan": 0.0,
    "longitudeSpan": 0.0
  },
  "geoDataExif": {
    "latitude": 0.0,
    "longitude": 0.0,
    "altitude": 0.0,
    "latitudeSpan": 0.0,
    "longitudeSpan": 0.0
  },
  "url": "https://lh3.googleusercontent.com/e81c_ddqeMo9hBlLpGy3fZzkWgkamZDoGvX8YOAQxQNMW0ZbLFM447VXi96O5olEWPBKYXu_faBoRwgQZkXh8t9C5vvgGRK__VGC",
  "googlePhotosOrigin": {
    "mobileUpload": {
      "deviceFolder": {
        "localFolderName": "photo"
      },
      "deviceType": "ANDROID_PHONE"
    }
  }
}