{
  "title": "PicsArt_07-18-03.11.07.jpg",
  "description": "",
  "imageViews": "3",
  "creationTime": {
    "timestamp": "1611789463",
    "formatted": "27 ม.ค. 2564 23 นาฬิกา 17 นาที 43 วินาที UTC"
  },
  "photoTakenTime": {
    "timestamp": "1595013067",
    "formatted": "17 ก.ค. 2563 19 นาฬิกา 11 นาที 07 วินาที UTC"
  },
  "geoData": {
    "latitude": 0.0,
    "longitude": 0.0,
    "altitude": 0.0,
    "latitudeSpan": 0.0,
    "longitudeSpan": 0.0
  },
  "geoDataExif": {
    "latitude": 0.0,
    "longitude": 0.0,
    "altitude": 0.0,
    "latitudeSpan": 0.0,
    "longitudeSpan": 0.0
  },
  "url": "https://lh3.googleusercontent.com/GE5ECQFvZiuQcq3R1XpM331Rsm3nOlFxMSuHStWcmDe-XQ8CfuR6cW0SNgS-gH7E2iqRKuN6i-o9y0YTAcEhoo8lGGJVsLCINDPC",
  "googlePhotosOrigin": {
    "mobileUpload": {
      "deviceFolder": {
        "localFolderName": "photo"
      },
      "deviceType": "ANDROID_PHONE"
    }
  }
}