{
  "title": "PicsArt_08-02-04.38.45.jpg",
  "description": "",
  "imageViews": "3",
  "creationTime": {
    "timestamp": "1611789590",
    "formatted": "27 ม.ค. 2564 23 นาฬิกา 19 นาที 50 วินาที UTC"
  },
  "photoTakenTime": {
    "timestamp": "1596357525",
    "formatted": "2 ส.ค. 2563 8 นาฬิกา 38 นาที 45 วินาที UTC"
  },
  "geoData": {
    "latitude": 0.0,
    "longitude": 0.0,
    "altitude": 0.0,
    "latitudeSpan": 0.0,
    "longitudeSpan": 0.0
  },
  "geoDataExif": {
    "latitude": 0.0,
    "longitude": 0.0,
    "altitude": 0.0,
    "latitudeSpan": 0.0,
    "longitudeSpan": 0.0
  },
  "url": "https://lh3.googleusercontent.com/MHGDi-tVLIaoAhEasJV6SEnRclJ7jCDEBOipI05Mv2oMNVpYrh0KPE80XcHyIvBHGBYs1pCjyCcEZ4AYaOL6fvb6gLXyD-4To9j_",
  "googlePhotosOrigin": {
    "mobileUpload": {
      "deviceFolder": {
        "localFolderName": "photo"
      },
      "deviceType": "ANDROID_PHONE"
    }
  }
}