{
  "title": "PicsArt_07-31-08.43.51.jpg",
  "description": "",
  "imageViews": "3",
  "creationTime": {
    "timestamp": "1611789539",
    "formatted": "27 ม.ค. 2564 23 นาฬิกา 18 นาที 59 วินาที UTC"
  },
  "photoTakenTime": {
    "timestamp": "1596199431",
    "formatted": "31 ก.ค. 2563 12 นาฬิกา 43 นาที 51 วินาที UTC"
  },
  "geoData": {
    "latitude": 0.0,
    "longitude": 0.0,
    "altitude": 0.0,
    "latitudeSpan": 0.0,
    "longitudeSpan": 0.0
  },
  "geoDataExif": {
    "latitude": 0.0,
    "longitude": 0.0,
    "altitude": 0.0,
    "latitudeSpan": 0.0,
    "longitudeSpan": 0.0
  },
  "url": "https://lh3.googleusercontent.com/2nugYXCMEQMEtlwPmKvnowc7HPn6IvyNzRutDDKTEiq_J9D60dERDclCE-op2HFFwUVbMzdU0_cdmpn85PvT4ttndGFP6ZevPx07",
  "googlePhotosOrigin": {
    "mobileUpload": {
      "deviceFolder": {
        "localFolderName": "photo"
      },
      "deviceType": "ANDROID_PHONE"
    }
  }
}