{
  "title": "PicsArt_08-03-09.04.00.jpg",
  "description": "",
  "imageViews": "3",
  "creationTime": {
    "timestamp": "1611789610",
    "formatted": "27 ม.ค. 2564 23 นาฬิกา 20 นาที 10 วินาที UTC"
  },
  "photoTakenTime": {
    "timestamp": "1596459840",
    "formatted": "3 ส.ค. 2563 13 นาฬิกา 04 นาที 00 วินาที UTC"
  },
  "geoData": {
    "latitude": 0.0,
    "longitude": 0.0,
    "altitude": 0.0,
    "latitudeSpan": 0.0,
    "longitudeSpan": 0.0
  },
  "geoDataExif": {
    "latitude": 0.0,
    "longitude": 0.0,
    "altitude": 0.0,
    "latitudeSpan": 0.0,
    "longitudeSpan": 0.0
  },
  "url": "https://lh3.googleusercontent.com/IbpJUmFH7Hv5SBElGfa3uzV8Mq1sXO3QQFRfnVy66LqpOAFxBZwBMypwvI_ZATn1y6ECWfexEMD3JFex2CTE9K5VYf4_gEJi8udh",
  "googlePhotosOrigin": {
    "mobileUpload": {
      "deviceFolder": {
        "localFolderName": "photo"
      },
      "deviceType": "ANDROID_PHONE"
    }
  }
}