{
  "title": "PicsArt_04-27-10.24.28.jpg",
  "description": "",
  "imageViews": "3",
  "creationTime": {
    "timestamp": "1611789428",
    "formatted": "27 ม.ค. 2564 23 นาฬิกา 17 นาที 08 วินาที UTC"
  },
  "photoTakenTime": {
    "timestamp": "1587954268",
    "formatted": "27 เม.ย. 2563 2 นาฬิกา 24 นาที 28 วินาที UTC"
  },
  "geoData": {
    "latitude": 0.0,
    "longitude": 0.0,
    "altitude": 0.0,
    "latitudeSpan": 0.0,
    "longitudeSpan": 0.0
  },
  "geoDataExif": {
    "latitude": 0.0,
    "longitude": 0.0,
    "altitude": 0.0,
    "latitudeSpan": 0.0,
    "longitudeSpan": 0.0
  },
  "url": "https://lh3.googleusercontent.com/o3t2mc1_mdLaUeLl-6MMKT7m65XgtOwGYAZzm6EsxMlm09-XL0MDxklhYCGgff4h0B1CNuAoO12wW4To_0S4AwwlGHSxXtZbLiSy",
  "googlePhotosOrigin": {
    "mobileUpload": {
      "deviceFolder": {
        "localFolderName": "photo"
      },
      "deviceType": "ANDROID_PHONE"
    }
  }
}