{
  "title": "PicsArt_07-28-09.51.46.jpg",
  "description": "",
  "imageViews": "3",
  "creationTime": {
    "timestamp": "1611789532",
    "formatted": "27 ม.ค. 2564 23 นาฬิกา 18 นาที 52 วินาที UTC"
  },
  "photoTakenTime": {
    "timestamp": "1595901106",
    "formatted": "28 ก.ค. 2563 1 นาฬิกา 51 นาที 46 วินาที UTC"
  },
  "geoData": {
    "latitude": 0.0,
    "longitude": 0.0,
    "altitude": 0.0,
    "latitudeSpan": 0.0,
    "longitudeSpan": 0.0
  },
  "geoDataExif": {
    "latitude": 0.0,
    "longitude": 0.0,
    "altitude": 0.0,
    "latitudeSpan": 0.0,
    "longitudeSpan": 0.0
  },
  "url": "https://lh3.googleusercontent.com/pQ-qMZhao60pk-k3kIoCCH-8Gbn83cbChAZrnhDQMY1_JHF4zNAkKPPqwQ50509qb9aHNbAD6xfneZUzwkKCXHB7r1KUGDWlvlhH",
  "googlePhotosOrigin": {
    "mobileUpload": {
      "deviceFolder": {
        "localFolderName": "photo"
      },
      "deviceType": "ANDROID_PHONE"
    }
  }
}