{
  "title": "PicsArt_07-23-12.26.15.jpg",
  "description": "",
  "imageViews": "3",
  "creationTime": {
    "timestamp": "1611789483",
    "formatted": "27 ม.ค. 2564 23 นาฬิกา 18 นาที 03 วินาที UTC"
  },
  "photoTakenTime": {
    "timestamp": "1595478375",
    "formatted": "23 ก.ค. 2563 4 นาฬิกา 26 นาที 15 วินาที UTC"
  },
  "geoData": {
    "latitude": 0.0,
    "longitude": 0.0,
    "altitude": 0.0,
    "latitudeSpan": 0.0,
    "longitudeSpan": 0.0
  },
  "geoDataExif": {
    "latitude": 0.0,
    "longitude": 0.0,
    "altitude": 0.0,
    "latitudeSpan": 0.0,
    "longitudeSpan": 0.0
  },
  "url": "https://lh3.googleusercontent.com/CTIbghXLHfqrAky82qCRhr8Pt3uZeKyizASt7KxQbGRHODnMeKjG0OAA-7R0w2a3WoRk89OTPuzLtNhqJRtV3l3VCvKkrH0QNa4s",
  "googlePhotosOrigin": {
    "mobileUpload": {
      "deviceFolder": {
        "localFolderName": "photo"
      },
      "deviceType": "ANDROID_PHONE"
    }
  }
}