{
  "title": "PicsArt_07-31-09.51.34.jpg",
  "description": "",
  "imageViews": "3",
  "creationTime": {
    "timestamp": "1611789577",
    "formatted": "27 ม.ค. 2564 23 นาฬิกา 19 นาที 37 วินาที UTC"
  },
  "photoTakenTime": {
    "timestamp": "1596203494",
    "formatted": "31 ก.ค. 2563 13 นาฬิกา 51 นาที 34 วินาที UTC"
  },
  "geoData": {
    "latitude": 0.0,
    "longitude": 0.0,
    "altitude": 0.0,
    "latitudeSpan": 0.0,
    "longitudeSpan": 0.0
  },
  "geoDataExif": {
    "latitude": 0.0,
    "longitude": 0.0,
    "altitude": 0.0,
    "latitudeSpan": 0.0,
    "longitudeSpan": 0.0
  },
  "url": "https://lh3.googleusercontent.com/Xt8AeEoXPI8tXpafPamcvVESvYCFkSrITvTd5RPCSt3uK3_dDSsqapFjtf434f0wjIa--hSr6ZhU_VallvBo0VlrDNgYrMyfRx7Z",
  "googlePhotosOrigin": {
    "mobileUpload": {
      "deviceFolder": {
        "localFolderName": "photo"
      },
      "deviceType": "ANDROID_PHONE"
    }
  }
}