{
  "title": "PicsArt_07-18-01.54.27.jpg",
  "description": "",
  "imageViews": "3",
  "creationTime": {
    "timestamp": "1611789457",
    "formatted": "27 ม.ค. 2564 23 นาฬิกา 17 นาที 37 วินาที UTC"
  },
  "photoTakenTime": {
    "timestamp": "1595008467",
    "formatted": "17 ก.ค. 2563 17 นาฬิกา 54 นาที 27 วินาที UTC"
  },
  "geoData": {
    "latitude": 0.0,
    "longitude": 0.0,
    "altitude": 0.0,
    "latitudeSpan": 0.0,
    "longitudeSpan": 0.0
  },
  "geoDataExif": {
    "latitude": 0.0,
    "longitude": 0.0,
    "altitude": 0.0,
    "latitudeSpan": 0.0,
    "longitudeSpan": 0.0
  },
  "url": "https://lh3.googleusercontent.com/3uWinP4XxV8A0fZOr-BlWPtubR-CsvqejAcpvsBiFSYHWb_ZAH7mvSd6cP78MqXBYYPB_aW7JyyAaOT7hH3B2vZfPQMCRrsBHzOW",
  "googlePhotosOrigin": {
    "mobileUpload": {
      "deviceFolder": {
        "localFolderName": "photo"
      },
      "deviceType": "ANDROID_PHONE"
    }
  }
}