{
  "title": "PicsArt_07-13-06.22.09.jpg",
  "description": "",
  "imageViews": "3",
  "creationTime": {
    "timestamp": "1611789437",
    "formatted": "27 ม.ค. 2564 23 นาฬิกา 17 นาที 17 วินาที UTC"
  },
  "photoTakenTime": {
    "timestamp": "1594635729",
    "formatted": "13 ก.ค. 2563 10 นาฬิกา 22 นาที 09 วินาที UTC"
  },
  "geoData": {
    "latitude": 0.0,
    "longitude": 0.0,
    "altitude": 0.0,
    "latitudeSpan": 0.0,
    "longitudeSpan": 0.0
  },
  "geoDataExif": {
    "latitude": 0.0,
    "longitude": 0.0,
    "altitude": 0.0,
    "latitudeSpan": 0.0,
    "longitudeSpan": 0.0
  },
  "url": "https://lh3.googleusercontent.com/Uwo-gB-NGj_TovdsqySLFc1JIII02sCzJe2UqgkR54ylN78pLuv9ySKIIl23HQIBmlN1v_v1vsw-SqkiIcNo_sTCjuJ4fcUIWkp7",
  "googlePhotosOrigin": {
    "mobileUpload": {
      "deviceFolder": {
        "localFolderName": "photo"
      },
      "deviceType": "ANDROID_PHONE"
    }
  }
}