{
  "title": "PicsArt_07-25-01.16.39.jpg",
  "description": "",
  "imageViews": "4",
  "creationTime": {
    "timestamp": "1611789513",
    "formatted": "27 ม.ค. 2564 23 นาฬิกา 18 นาที 33 วินาที UTC"
  },
  "photoTakenTime": {
    "timestamp": "1595654199",
    "formatted": "25 ก.ค. 2563 5 นาฬิกา 16 นาที 39 วินาที UTC"
  },
  "geoData": {
    "latitude": 0.0,
    "longitude": 0.0,
    "altitude": 0.0,
    "latitudeSpan": 0.0,
    "longitudeSpan": 0.0
  },
  "geoDataExif": {
    "latitude": 0.0,
    "longitude": 0.0,
    "altitude": 0.0,
    "latitudeSpan": 0.0,
    "longitudeSpan": 0.0
  },
  "url": "https://lh3.googleusercontent.com/icM3HkkNv1-bIZS2R5JGl70bT6XkioFhvyojnx1Q5pFvUB-5YTodJvtMbOlGKqBA2prrLiXsqdCnO_k98XN20EgIs1-W5wRkzBQm",
  "googlePhotosOrigin": {
    "mobileUpload": {
      "deviceFolder": {
        "localFolderName": "photo"
      },
      "deviceType": "ANDROID_PHONE"
    }
  }
}