{
  "name": {
    "givenName": "SOUTHSIDE",
    "familyName": "TH",
    "formattedName": "SOUTHSIDE TH"
  },
  "displayName": "SOUTHSIDE TH",
  "emails": [{
    "value": "fb.southside7@gmail.com"
  }, {
    "value": "ABDULHALEMHJDUERAMAE@OUTLOOK.MY"
  }],
  "birthday": "1999-12-12",
  "gender": {
    "type": "male"
  },
  "urls": [{
    "value": "https://myaccount.google.com/profile/links/edit?add\u003dtrue\u0026type\u003d0\u0026continue\u003dhttps%3A%2F%2Fmyaccount.google.com%2Fprofile%2Fabout%2Fadd\u0026rapt\u003dAEjHL4OYmpQl7ZBZH_ApWyVWKIOPN139zxbBsb09bG1K7T73fEJMXeDl8xkyKzHA9c8WybEzsvlz2vBXvmDOrmN3-0RtW9cPHw",
    "type": "otherProfile",
    "label": "เกี่ยวกับฉัน"
  }]
}