{
  "conversations": [
    {
      "conversation": {
        "conversation_id": {
          "id": "UgzqpT3cm3xgCdGM4C94AaABAagB266qBQ"
        },
        "conversation": {
          "id": {
            "id": "UgzqpT3cm3xgCdGM4C94AaABAagB266qBQ"
          },
          "type": "STICKY_ONE_TO_ONE",
          "self_conversation_state": {
            "self_read_state": {
              "participant_id": {
                "gaia_id": "113942162385133727529",
                "chat_id": "113942162385133727529"
              },
              "latest_read_timestamp": "1611626560113114"
            },
            "status": "ACTIVE",
            "notification_level": "RING",
            "view": [
              "INBOX_VIEW"
            ],
            "inviter_id": {
              "gaia_id": "113942162385133727529",
              "chat_id": "113942162385133727529"
            },
            "invite_timestamp": "1611626095140000",
            "sort_timestamp": "1611626560113114",
            "active_timestamp": "1611626095140000",
            "delivery_medium_option": [
              {
                "delivery_medium": {
                  "medium_type": "BABEL_MEDIUM"
                },
                "current_default": true
              }
            ]
          },
          "read_state": [
            {
              "participant_id": {
                "gaia_id": "106076025063789346308",
                "chat_id": "106076025063789346308"
              },
              "latest_read_timestamp": "0"
            },
            {
              "participant_id": {
                "gaia_id": "113942162385133727529",
                "chat_id": "113942162385133727529"
              },
              "latest_read_timestamp": "1611626560113114"
            }
          ],
          "has_active_hangout": false,
          "otr_status": "ON_THE_RECORD",
          "otr_toggle": "ENABLED",
          "current_participant": [
            {
              "gaia_id": "113942162385133727529",
              "chat_id": "113942162385133727529"
            },
            {
              "gaia_id": "106076025063789346308",
              "chat_id": "106076025063789346308"
            }
          ],
          "participant_data": [
            {
              "id": {
                "gaia_id": "106076025063789346308",
                "chat_id": "106076025063789346308"
              },
              "fallback_name": "Abdul Halem",
              "invitation_status": "PENDING_INVITATION",
              "participant_type": "GAIA",
              "new_invitation_status": "PENDING_INVITATION",
              "in_different_customer_as_requester": false,
              "domain_id": "105250506097979753968"
            },
            {
              "id": {
                "gaia_id": "113942162385133727529",
                "chat_id": "113942162385133727529"
              },
              "fallback_name": "SOUTHSIDE TH",
              "invitation_status": "ACCEPTED_INVITATION",
              "participant_type": "GAIA",
              "new_invitation_status": "ACCEPTED_INVITATION",
              "in_different_customer_as_requester": false,
              "domain_id": "105250506097979753968"
            }
          ],
          "fork_on_external_invite": false,
          "network_type": [
            "BABEL"
          ],
          "force_history_state": "NO_FORCE",
          "group_link_sharing_status": "LINK_SHARING_OFF"
        }
      },
      "events": [
        {
          "conversation_id": {
            "id": "UgzqpT3cm3xgCdGM4C94AaABAagB266qBQ"
          },
          "sender_id": {
            "gaia_id": "113942162385133727529",
            "chat_id": "113942162385133727529"
          },
          "timestamp": "1611626560113114",
          "self_event_state": {
            "user_id": {
              "gaia_id": "113942162385133727529",
              "chat_id": "113942162385133727529"
            },
            "client_generated_id": "1647541412588482353",
            "notification_level": "RING"
          },
          "chat_message": {
            "message_content": {
              "attachment": [
                {
                  "embed_item": {
                    "type": [
                      "PLUS_PHOTO"
                    ],
                    "id": "and0",
                    "plus_photo": {
                      "thumbnail": {
                        "url": "https://plus.google.com/photos/albums/pv7h5h4k9upbum7gep38gk2k6ms6hu8vt?pid=6921883368003664322&oid=113942162385133727529",
                        "image_url": "https://lh3.googleusercontent.com/-nmRED4bcxv0/YA94P96K-cI/AAAAAAAAABo/EsFzF2Q4Hgkf6ep7fMJAWTox5aOQZSgKwCK8BGAsYHg/s0/2021-01-25.jpg",
                        "width_px": 1080,
                        "height_px": 2400
                      },
                      "owner_obfuscated_id": "113942162385133727529",
                      "album_id": "6921883366886541489",
                      "photo_id": "6921883368003664322",
                      "url": "https://lh3.googleusercontent.com/-nmRED4bcxv0/YA94P96K-cI/AAAAAAAAABo/EsFzF2Q4Hgkf6ep7fMJAWTox5aOQZSgKwCK8BGAsYHg/s0/2021-01-25.jpg",
                      "original_content_url": "https://lh3.googleusercontent.com/N4EDksStL_WB-UF_oT4zoHPKZm4ROjcQj9J8NwDMag54o6qZwdCx1nfdyZX4Q4Z8j_vJ07jH0iEdZsw",
                      "media_type": "PHOTO",
                      "stream_id": [
                        "BABEL_UNIQUE_ID_286cdf86-58ef-492b-b58e-26a647166636",
                        "BABEL_STREAM_ID",
                        "shared_group_6921883359447664322"
                      ]
                    }
                  },
                  "id": "and0"
                }
              ]
            }
          },
          "event_id": "9IxtwM13Ivc9Ixup4LaGB-",
          "advances_sort_timestamp": true,
          "event_otr": "ON_THE_RECORD",
          "delivery_medium": {
            "medium_type": "BABEL_MEDIUM"
          },
          "event_type": "REGULAR_CHAT_MESSAGE",
          "event_version": "1611626560113114"
        }
      ]
    }
  ]
}