{
  "title": "2021-05-18.jpg",
  "description": "",
  "imageViews": "0",
  "creationTime": {
    "timestamp": "1621353644",
    "formatted": "18 พ.ค. 2564 16 นาฬิกา 00 นาที 44 วินาที UTC"
  },
  "photoTakenTime": {
    "timestamp": "1616431312",
    "formatted": "22 มี.ค. 2564 16 นาฬิกา 41 นาที 52 วินาที UTC"
  },
  "geoData": {
    "latitude": 0.0,
    "longitude": 0.0,
    "altitude": 0.0,
    "latitudeSpan": 0.0,
    "longitudeSpan": 0.0
  },
  "geoDataExif": {
    "latitude": 0.0,
    "longitude": 0.0,
    "altitude": 0.0,
    "latitudeSpan": 0.0,
    "longitudeSpan": 0.0
  },
  "url": "https://lh3.googleusercontent.com/cvN0lg1bnHQm2tqYjGU2mqOexel6gWTH6X2-QcLuVUutx9Gk0wlkL6a3SvwvLRuXj7YpfGixqMijXHFxoaKGDxNptlCes4TeIBIOhQ",
  "googlePhotosOrigin": {
    "thirdPartyApp": {
      "appName": "Facebook"
    }
  }
}