{
  "title": "2021-05-18.jpg",
  "description": "",
  "imageViews": "0",
  "creationTime": {
    "timestamp": "1621353643",
    "formatted": "18 พ.ค. 2564 16 นาฬิกา 00 นาที 43 วินาที UTC"
  },
  "photoTakenTime": {
    "timestamp": "1616431312",
    "formatted": "22 มี.ค. 2564 16 นาฬิกา 41 นาที 52 วินาที UTC"
  },
  "geoData": {
    "latitude": 0.0,
    "longitude": 0.0,
    "altitude": 0.0,
    "latitudeSpan": 0.0,
    "longitudeSpan": 0.0
  },
  "geoDataExif": {
    "latitude": 0.0,
    "longitude": 0.0,
    "altitude": 0.0,
    "latitudeSpan": 0.0,
    "longitudeSpan": 0.0
  },
  "url": "https://lh3.googleusercontent.com/j6IbLABKK0SPUKfqJgY2vI6tssWJIkXdVAaPa3MugYSBrL-vSPuABaa3djj0SnM_RmCMAU-Yik7Qbd_qqAeEQQ8OJNA8OtOdx7UCWg",
  "googlePhotosOrigin": {
    "thirdPartyApp": {
      "appName": "Facebook"
    }
  }
}