{
  "title": "Screenshot_20210128_035953.jpg",
  "description": "",
  "imageViews": "3",
  "creationTime": {
    "timestamp": "1611789356",
    "formatted": "27 ม.ค. 2564 23 นาฬิกา 15 นาที 56 วินาที UTC"
  },
  "photoTakenTime": {
    "timestamp": "1611777593",
    "formatted": "27 ม.ค. 2564 19 นาฬิกา 59 นาที 53 วินาที UTC"
  },
  "geoData": {
    "latitude": 0.0,
    "longitude": 0.0,
    "altitude": 0.0,
    "latitudeSpan": 0.0,
    "longitudeSpan": 0.0
  },
  "geoDataExif": {
    "latitude": 0.0,
    "longitude": 0.0,
    "altitude": 0.0,
    "latitudeSpan": 0.0,
    "longitudeSpan": 0.0
  },
  "url": "https://lh3.googleusercontent.com/_yAG9M_7p4SLut88U_iquGM4NDMTjJd2ta4jjl366zY4FeWqzLrbfO91XgGT9z_vaVbwguvPx80qVlQJ6Z2CASz4-4ihvrP5unGS",
  "googlePhotosOrigin": {
    "mobileUpload": {
      "deviceFolder": {
        "localFolderName": ""
      },
      "deviceType": "ANDROID_PHONE"
    }
  }
}