{
  "title": "Screenshot_20210127_010640.jpg",
  "description": "",
  "imageViews": "3",
  "creationTime": {
    "timestamp": "1611789318",
    "formatted": "27 ม.ค. 2564 23 นาฬิกา 15 นาที 18 วินาที UTC"
  },
  "photoTakenTime": {
    "timestamp": "1611680800",
    "formatted": "26 ม.ค. 2564 17 นาฬิกา 06 นาที 40 วินาที UTC"
  },
  "geoData": {
    "latitude": 0.0,
    "longitude": 0.0,
    "altitude": 0.0,
    "latitudeSpan": 0.0,
    "longitudeSpan": 0.0
  },
  "geoDataExif": {
    "latitude": 0.0,
    "longitude": 0.0,
    "altitude": 0.0,
    "latitudeSpan": 0.0,
    "longitudeSpan": 0.0
  },
  "url": "https://lh3.googleusercontent.com/NWwqifrLETvRXk0O6qelkM_cpPO8DNkQjyVjKUR_M9mpbWkMPmPuo2fPEJiMRclK3w3sULu0ol-xvv4GNeL650x6j2_QaAghwEt_",
  "googlePhotosOrigin": {
    "mobileUpload": {
      "deviceFolder": {
        "localFolderName": ""
      },
      "deviceType": "ANDROID_PHONE"
    }
  }
}