{
  "title": "Screenshot_20210128_052811.jpg",
  "description": "",
  "imageViews": "5",
  "creationTime": {
    "timestamp": "1611789375",
    "formatted": "27 ม.ค. 2564 23 นาฬิกา 16 นาที 15 วินาที UTC"
  },
  "photoTakenTime": {
    "timestamp": "1611782891",
    "formatted": "27 ม.ค. 2564 21 นาฬิกา 28 นาที 11 วินาที UTC"
  },
  "geoData": {
    "latitude": 0.0,
    "longitude": 0.0,
    "altitude": 0.0,
    "latitudeSpan": 0.0,
    "longitudeSpan": 0.0
  },
  "geoDataExif": {
    "latitude": 0.0,
    "longitude": 0.0,
    "altitude": 0.0,
    "latitudeSpan": 0.0,
    "longitudeSpan": 0.0
  },
  "url": "https://lh3.googleusercontent.com/0J_gsiaAV8kie3bFD-eEn-uvbTQxrfaIiAPZRh7IyiPGSrHOZholZigW7tvOSFT_G5_ExJtSHD6ZWbEVhDsINBW9E_Wdd9tXVUG6",
  "googlePhotosOrigin": {
    "mobileUpload": {
      "deviceFolder": {
        "localFolderName": ""
      },
      "deviceType": "ANDROID_PHONE"
    }
  }
}