{
  "title": "Screenshot_20210128_052330.jpg",
  "description": "",
  "imageViews": "5",
  "creationTime": {
    "timestamp": "1611789370",
    "formatted": "27 ม.ค. 2564 23 นาฬิกา 16 นาที 10 วินาที UTC"
  },
  "photoTakenTime": {
    "timestamp": "1611782610",
    "formatted": "27 ม.ค. 2564 21 นาฬิกา 23 นาที 30 วินาที UTC"
  },
  "geoData": {
    "latitude": 0.0,
    "longitude": 0.0,
    "altitude": 0.0,
    "latitudeSpan": 0.0,
    "longitudeSpan": 0.0
  },
  "geoDataExif": {
    "latitude": 0.0,
    "longitude": 0.0,
    "altitude": 0.0,
    "latitudeSpan": 0.0,
    "longitudeSpan": 0.0
  },
  "url": "https://lh3.googleusercontent.com/_Sb_UAGyllK5XtBNZsVc2OkRMDzwSkavbzAPyIZs3uIpdp7r3qxfl2LpGOCrAKaIi0eEUbLW5bIWWmymuejFhBH68L1QfpXxc1Bm",
  "googlePhotosOrigin": {
    "mobileUpload": {
      "deviceFolder": {
        "localFolderName": ""
      },
      "deviceType": "ANDROID_PHONE"
    }
  }
}