{
  "title": "Screenshot_20210128_051248.jpg",
  "description": "",
  "imageViews": "5",
  "creationTime": {
    "timestamp": "1611789365",
    "formatted": "27 ม.ค. 2564 23 นาฬิกา 16 นาที 05 วินาที UTC"
  },
  "photoTakenTime": {
    "timestamp": "1611781968",
    "formatted": "27 ม.ค. 2564 21 นาฬิกา 12 นาที 48 วินาที UTC"
  },
  "geoData": {
    "latitude": 0.0,
    "longitude": 0.0,
    "altitude": 0.0,
    "latitudeSpan": 0.0,
    "longitudeSpan": 0.0
  },
  "geoDataExif": {
    "latitude": 0.0,
    "longitude": 0.0,
    "altitude": 0.0,
    "latitudeSpan": 0.0,
    "longitudeSpan": 0.0
  },
  "url": "https://lh3.googleusercontent.com/oYzsdKHErj47p8NfMvzkhlGQ1YmpPBd9Qatiwdbnmu5DZWYeNA4H8ehOU3hJMyVq3x5xgi5qahZR-aRdPIQP0RE6QN_IYOYTjyZ6",
  "googlePhotosOrigin": {
    "mobileUpload": {
      "deviceFolder": {
        "localFolderName": ""
      },
      "deviceType": "ANDROID_PHONE"
    }
  }
}