{
  "title": "Screenshot_20210127_002534.jpg",
  "description": "",
  "imageViews": "3",
  "creationTime": {
    "timestamp": "1611789313",
    "formatted": "27 ม.ค. 2564 23 นาฬิกา 15 นาที 13 วินาที UTC"
  },
  "photoTakenTime": {
    "timestamp": "1611678334",
    "formatted": "26 ม.ค. 2564 16 นาฬิกา 25 นาที 34 วินาที UTC"
  },
  "geoData": {
    "latitude": 0.0,
    "longitude": 0.0,
    "altitude": 0.0,
    "latitudeSpan": 0.0,
    "longitudeSpan": 0.0
  },
  "geoDataExif": {
    "latitude": 0.0,
    "longitude": 0.0,
    "altitude": 0.0,
    "latitudeSpan": 0.0,
    "longitudeSpan": 0.0
  },
  "url": "https://lh3.googleusercontent.com/iuwWSr18GVfzzirSxumv_ZKo8usHRXsOq46wGbohXylQXhl9HH7509TExDyLUGshGIu0JS0N5Rr_YnqkiWTJImD67vi_KaaU5C0s",
  "googlePhotosOrigin": {
    "mobileUpload": {
      "deviceFolder": {
        "localFolderName": ""
      },
      "deviceType": "ANDROID_PHONE"
    }
  }
}