{
  "title": "Screenshot_20210127_174327.jpg",
  "description": "",
  "imageViews": "3",
  "creationTime": {
    "timestamp": "1611789329",
    "formatted": "27 ม.ค. 2564 23 นาฬิกา 15 นาที 29 วินาที UTC"
  },
  "photoTakenTime": {
    "timestamp": "1611740607",
    "formatted": "27 ม.ค. 2564 9 นาฬิกา 43 นาที 27 วินาที UTC"
  },
  "geoData": {
    "latitude": 0.0,
    "longitude": 0.0,
    "altitude": 0.0,
    "latitudeSpan": 0.0,
    "longitudeSpan": 0.0
  },
  "geoDataExif": {
    "latitude": 0.0,
    "longitude": 0.0,
    "altitude": 0.0,
    "latitudeSpan": 0.0,
    "longitudeSpan": 0.0
  },
  "url": "https://lh3.googleusercontent.com/GhJ9h7MOCbKcVEqezIQP9EjtCuVrQZBbTefpbv-tCUUVYucvlfCFqiyAx4k93QTj66Dmo7SKz9KBBhluMbYLxFQI9Cazv91Z3D-p",
  "googlePhotosOrigin": {
    "mobileUpload": {
      "deviceFolder": {
        "localFolderName": ""
      },
      "deviceType": "ANDROID_PHONE"
    }
  }
}