{
  "features" : [ {
    "geometry" : {
      "coordinates" : [ 101.0958943, 6.7294206 ],
      "type" : "Point"
    },
    "properties" : {
      "address" : "โคกโพธิ์ ตำบล โคกโพธิ์ อำเภอ โคกโพธิ์ ปัตตานี ไทย",
      "name" : "หน้าแรก"
    },
    "type" : "Feature"
  }, {
    "geometry" : {
      "coordinates" : [ 101.6412361, 3.0813598 ],
      "type" : "Point"
    },
    "properties" : {
      "name" : "งาน"
    },
    "type" : "Feature"
  } ],
  "type" : "FeatureCollection"
}