{
    "Apps": [],
    "App Settings": [],
    "Preferences": [
        {
            "name": "translate_blocked_languages",
            "value": "[\"th\"]"
},
        {
            "name": "dom_distiller.font_family",
            "value": "0"
},
        {
            "name": "translate.enabled",
            "value": "true"
},
        {
            "name": "autofill.profile_enabled",
            "value": "false"
},
        {
            "name": "translate_auto_never_count",
            "value": "{\"en\":2}"
},
        {
            "name": "search.contextual_search_enabled",
            "value": "\"false\""
},
        {
            "name": "profile.cookie_controls_mode",
            "value": "2"
},
        {
            "name": "translate_site_blacklist",
            "value": "[\"www.idsphone.com\"]"
},
        {
            "name": "browser.clear_data.form_data",
            "value": "true"
},
        {
            "name": "translate_site_blacklist_with_time",
            "value": "{\"www.idsphone.com\":\"13218589662548263\"}"
},
        {
            "name": "sharing.vapid_key",
            "value": "{\"vapid_creation_timestamp\":\"13212857792799916\",\"vapid_private_key\":\"MIGHAgEAMBMGByqGSM49AgEGCCqGSM49AwEHBG0wawIBAQQg3Vx9GCVk/HA+D4g5eYyRAbnclOL8E/AEgUs0GR/9o8mhRANCAAQG7Iw+WgR6RjTJxyP9Hx93SdlQF5xm0j+zwfKzm22rXBmAGY3gJPCqpDc1WLrLMVKJQvnTecOfriDSoEZPWVp8\"}"
},
        {
            "name": "browser.clear_data.browsing_history_basic",
            "value": "true"
},
        {
            "name": "intl.accept_languages",
            "value": "\"th-TH,th\""
},
        {
            "name": "browser.clear_data.site_settings",
            "value": "true"
},
        {
            "name": "translate_too_often_denied_for_language",
            "value": "{\"en\":true,\"zh-CN\":true}"
},
        {
            "name": "translate_recent_target",
            "value": "\"th\""
},
        {
            "name": "browser.clear_data.passwords",
            "value": "true"
},
        {
            "name": "sync.demographics_birth_year_offset",
            "value": "0"
},
        {
            "name": "net.network_prediction_options",
            "value": "1"
},
        {
            "name": "search.suggest_enabled",
            "value": "true"
},
        {
            "name": "payments.can_make_payment_enabled",
            "value": "false"
},
        {
            "name": "translate_whitelists",
            "value": "{\"en\":\"th\"}"
},
        {
            "name": "browser.clear_data.time_period_basic",
            "value": "4"
},
        {
            "name": "browser.clear_data.time_period",
            "value": "4"
},
        {
            "name": "browser.clear_data.cookies",
            "value": "true"
},
        {
            "name": "browser.clear_data.cache_basic",
            "value": "true"
},
        {
            "name": "dom_distiller.reader_for_accessibility",
            "value": "true"
},
        {
            "name": "translate_auto_always_count",
            "value": "{\"en\":1}"
},
        {
            "name": "autofill.last_version_disused_addresses_deleted",
            "value": "70"
},
        {
            "name": "download.prompt_for_download_android",
            "value": "1"
},
        {
            "name": "safebrowsing.enabled",
            "value": "true"
},
        {
            "name": "translate_ignored_count_for_language",
            "value": "{\"ar\":0,\"de\":0,\"en\":0,\"es\":0,\"ja\":0,\"ms\":0,\"ru\":0}"
},
        {
            "name": "translate_denied_count_for_language",
            "value": "{\"ar\":0,\"da\":1,\"de\":0,\"en\":0,\"es\":0,\"fr\":1,\"id\":2,\"ja\":1,\"ms\":1,\"ru\":0,\"zh-CN\":2}"
},
        {
            "name": "sharing.synced_devices",
            "value": "{\"VwHdol4VDSbp+WcY0kKPFg\u003d\u003d\":{\"device_auth_secret\":\"h3eR9W70xhWDbeLg+9fDbA\u003d\u003d\",\"device_capabilities\":3,\"device_fcm_token\":\"dTPq79RNPlo:APA91bFLDdpdQcx6KvH32C2JVeaduJ0LjwzKrtFOF-Nts8am0Rz5DaeLbPQMpeQba4xOzNgjYTETIbue0pYAPzvQHf3wsx8-ntVnYe0SaIav6VOyjzxZq5W-XdshLXkvzT-fqYln4WFM\",\"device_p256dh\":\"BHrKL4DnJtvGUi6PRPLpTnhim/ML4eOqYiStdSIxlGao5DbnZpSI1BFc2ls/YE9YNQ/bAaGDPqjqYntIaLq/JOM\u003d\"},\"t2TXGK5F7gmNRVUvPsPWzA\u003d\u003d\":{\"device_auth_secret\":\"nHP3Yeerm2XBk16AHzQ6uA\u003d\u003d\",\"device_capabilities\":3,\"device_fcm_token\":\"edXGoA2dpjk:APA91bHuaLPHVrOVoFJl__O0rkodIDoftZpLRZqGRa-83TWepF9IFgqQ2ZmtvOihav_qp-rCzQ3Vl5Z4Z4Mbp_Ut7sZR1OtTbIruB4B_CORLMDupI6xpxrOYb1Hq-mBhe7nUWwLOgPw4\",\"device_p256dh\":\"BMYqysbUBjb5uejp3CpIFGsdQHnCNe/iEE6+w1z8BvdpKioEilNGOoA24GRdZ7szFK7KdYumcRIYbHJ2VUQxrgw\u003d\"}}"
},
        {
            "name": "translate_accepted_count",
            "value": "{\"ar\":3,\"da\":0,\"de\":1,\"en\":3,\"es\":1,\"fr\":0,\"id\":0,\"ja\":0,\"ms\":0,\"ru\":1,\"zh-CN\":0}"
}
    ],
    "Themes": []
}