[{
  "device": {
    "mostRecentData": {
      "carrierName": "U Mobile",
      "playStoreClientVersion": 82542010,
      "manufacturer": "vivo",
      "modelName": "vivo 2018",
      "deviceName": "2018",
      "productName": "2018",
      "retailBrand": "vivo",
      "totalMemoryBytes": "7813496832",
      "nativePlatform": ["arm64-v8a", "armeabi-v7a", "armeabi"],
      "deviceIpCountry": "MY",
      "userLocale": "th_TH",
      "buildFingerprint": "vivo/2018/2018:11/RP1A.200720.012/compiler04272135:user/release-keys",
      "androidSdkVersion": "30"
    },
    "dataAtTimeOfUserPlayActivity": {
      "carrierName": "U Mobile",
      "manufacturer": "vivo",
      "modelName": "vivo 2018",
      "deviceName": "2018",
      "productName": "2018",
      "retailBrand": "vivo",
      "nativePlatform": ["arm64-v8a", "armeabi-v7a", "armeabi"],
      "deviceIpCountry": "MY",
      "userLocale": "th_TH",
      "androidSdkVersion": "30"
    },
    "deviceRegistrationTime": "2021-05-27T23:38:16.930Z",
    "userAddedOnDeviceTime": "2021-05-28T04:22:21.843Z",
    "lastTimeDeviceActive": "2021-05-29T02:51:42.483931Z"
  }
},
{
  "device": {
    "mostRecentData": {
      "carrierName": "U Mobile",
      "playStoreClientVersion": 82242510,
      "manufacturer": "vivo",
      "modelName": "vivo 2018",
      "deviceName": "2018",
      "productName": "2018",
      "retailBrand": "vivo",
      "totalMemoryBytes": "7813496832",
      "nativePlatform": ["arm64-v8a", "armeabi-v7a", "armeabi"],
      "deviceIpCountry": "MY",
      "userLocale": "th_TH",
      "buildFingerprint": "vivo/2018/2018:11/RP1A.200720.012/compiler01151143:user/release-keys",
      "androidSdkVersion": "30"
    },
    "dataAtTimeOfUserPlayActivity": {
      "carrierName": "U Mobile",
      "manufacturer": "vivo",
      "modelName": "vivo 2018",
      "deviceName": "2018",
      "productName": "2018",
      "retailBrand": "vivo",
      "nativePlatform": ["arm64-v8a", "armeabi-v7a", "armeabi"],
      "deviceIpCountry": "MY",
      "userLocale": "th_TH",
      "androidSdkVersion": "30"
    },
    "deviceRegistrationTime": "2021-02-02T18:08:22.693Z",
    "userAddedOnDeviceTime": "2021-02-04T07:24:02.736Z",
    "lastTimeDeviceActive": "2021-03-17T21:08:31.495365Z"
  }
},
{
  "device": {
    "mostRecentData": {
      "carrierName": "U Mobile",
      "playStoreClientVersion": 82361310,
      "manufacturer": "vivo",
      "modelName": "vivo 2018",
      "deviceName": "2018",
      "productName": "2018",
      "retailBrand": "vivo",
      "totalMemoryBytes": "7808765952",
      "nativePlatform": ["arm64-v8a", "armeabi-v7a", "armeabi"],
      "deviceIpCountry": "MY",
      "userLocale": "th_TH",
      "buildFingerprint": "vivo/2018/2018:10/QP1A.190711.020/compiler09301816:user/release-keys",
      "androidSdkVersion": "29"
    },
    "dataAtTimeOfUserPlayActivity": {
      "carrierName": "U Mobile",
      "manufacturer": "vivo",
      "modelName": "vivo 2018",
      "deviceName": "2018",
      "productName": "2018",
      "retailBrand": "vivo",
      "nativePlatform": ["arm64-v8a", "armeabi-v7a", "armeabi"],
      "deviceIpCountry": "MY",
      "userLocale": "th_TH",
      "androidSdkVersion": "29"
    },
    "deviceRegistrationTime": "2021-01-09T18:01:18.067Z",
    "userAddedOnDeviceTime": "2021-01-11T19:05:36.931Z",
    "lastTimeDeviceActive": "2021-03-17T21:09:18.601641Z"
  }
},
{
  "device": {
    "mostRecentData": {
      "carrierName": "U Mobile",
      "playStoreClientVersion": 82321110,
      "manufacturer": "vivo",
      "modelName": "vivo 1818",
      "deviceName": "1818",
      "productName": "1818",
      "retailBrand": "vivo",
      "totalMemoryBytes": "5861277696",
      "nativePlatform": ["arm64-v8a", "armeabi-v7a", "armeabi"],
      "deviceIpCountry": "MY",
      "userLocale": "th_TH",
      "buildFingerprint": "vivo/1818/1818:10/QP1A.190711.020/compiler09222148:user/release-keys",
      "androidSdkVersion": "29"
    },
    "dataAtTimeOfUserPlayActivity": {
      "carrierName": "U Mobile",
      "manufacturer": "vivo",
      "modelName": "vivo 1818",
      "deviceName": "1818",
      "productName": "1818",
      "retailBrand": "vivo",
      "nativePlatform": ["arm64-v8a", "armeabi-v7a", "armeabi"],
      "deviceIpCountry": "MY",
      "userLocale": "th_TH",
      "androidSdkVersion": "29"
    },
    "deviceRegistrationTime": "2020-11-24T19:07:10.837Z",
    "userAddedOnDeviceTime": "2020-12-29T20:57:33.908Z",
    "lastTimeDeviceActive": "2020-12-31T08:22:03.644655Z"
  }
}]