[{
  "libraryDoc": {
    "doc": {
      "documentType": "Android Apps",
      "title": "LinkedIn"
    },
    "acquisitionTime": "2020-12-30T20:30:54.711Z"
  }
},
{
  "libraryDoc": {
    "doc": {
      "documentType": "Android Apps",
      "title": "EZ File Explorer - File Manager Android 2020"
    },
    "acquisitionTime": "2020-12-30T21:41:10.193Z"
  }
},
{
  "libraryDoc": {
    "doc": {
      "documentType": "Android Apps",
      "title": "RAR"
    },
    "acquisitionTime": "2020-12-30T23:33:48.468Z"
  }
},
{
  "libraryDoc": {
    "doc": {
      "documentType": "Android Apps",
      "title": "อัปเดตซอฟต์แวร์"
    },
    "acquisitionTime": "2020-12-30T23:34:42.147Z"
  }
},
{
  "libraryDoc": {
    "doc": {
      "documentType": "Android Apps",
      "title": "อัปเดตโทรศัพท์ (ผู้ให้บริการทั้งหมด)"
    },
    "acquisitionTime": "2020-12-30T23:34:57.902Z"
  }
},
{
  "libraryDoc": {
    "doc": {
      "documentType": "Android Apps",
      "title": "อัปเดต: อัปเดตแอปและเกมของคุณ - ฟรี"
    },
    "acquisitionTime": "2020-12-30T23:44:20.946Z"
  }
},
{
  "libraryDoc": {
    "doc": {
      "documentType": "Android Apps",
      "title": "Update Software Latest"
    },
    "acquisitionTime": "2020-12-30T23:44:40.314Z"
  }
},
{
  "libraryDoc": {
    "doc": {
      "documentType": "Android Apps",
      "title": "Android ของฉัน"
    },
    "acquisitionTime": "2020-12-30T23:45:32.857Z"
  }
},
{
  "libraryDoc": {
    "doc": {
      "documentType": "Android Apps",
      "title": "AVG Cleaner – ความเร็ว แบตเตอรี่ และตัวเร่งความจำ"
    },
    "acquisitionTime": "2020-12-30T23:46:32.498Z"
  }
},
{
  "libraryDoc": {
    "doc": {
      "documentType": "Android Apps",
      "title": "App Update Checker"
    },
    "acquisitionTime": "2020-12-31T02:17:23.690Z"
  }
},
{
  "libraryDoc": {
    "doc": {
      "documentType": "Android Apps",
      "title": "Android Device Policy"
    },
    "acquisitionTime": "2020-12-31T02:17:33.885Z"
  }
},
{
  "libraryDoc": {
    "doc": {
      "documentType": "Android Apps",
      "title": "Oxygen Updater"
    },
    "acquisitionTime": "2020-12-31T02:18:01.792Z"
  }
},
{
  "libraryDoc": {
    "doc": {
      "documentType": "Android Apps",
      "title": "ApowerManager - Phone Manager"
    },
    "acquisitionTime": "2020-12-31T03:07:09.111Z"
  }
},
{
  "libraryDoc": {
    "doc": {
      "documentType": "Android Apps",
      "title": "ฟรีการเชื่อมต่ออินเตอร์เน็ตไร้สาย WiFi ฟรีทุกที่"
    },
    "acquisitionTime": "2020-12-31T03:21:11.478Z"
  }
},
{
  "libraryDoc": {
    "doc": {
      "documentType": "Android Apps",
      "title": "บริการ Google Play สำหรับ AR"
    },
    "acquisitionTime": "2021-01-11T19:06:11.712Z"
  }
},
{
  "libraryDoc": {
    "doc": {
      "documentType": "Android Apps",
      "title": "บริการ Google Play"
    },
    "acquisitionTime": "2021-01-11T19:06:13.453Z"
  }
},
{
  "libraryDoc": {
    "doc": {
      "documentType": "Android Apps",
      "title": "วอลเปเปอร์"
    },
    "acquisitionTime": "2021-01-12T02:03:05.491Z"
  }
},
{
  "libraryDoc": {
    "doc": {
      "documentType": "Android Apps",
      "title": "myMail: Email App for Gmail, Hotmail \u0026 AOL E-Mail"
    },
    "acquisitionTime": "2021-01-12T02:03:47.638Z"
  }
},
{
  "libraryDoc": {
    "doc": {
      "documentType": "Android Apps",
      "title": "Mail.ru - แอปอีเมล"
    },
    "acquisitionTime": "2021-01-12T02:04:02.530Z"
  }
},
{
  "libraryDoc": {
    "doc": {
      "documentType": "Android Apps",
      "title": "FileMaster: จัดการไฟล์  ถ่ายโอนไฟล์ พลังงานสะอาด"
    },
    "acquisitionTime": "2021-01-19T20:19:43.298Z"
  }
},
{
  "libraryDoc": {
    "doc": {
      "documentType": "Android Apps",
      "title": "Google Play Games"
    },
    "acquisitionTime": "2021-01-19T21:35:24.506Z"
  }
},
{
  "libraryDoc": {
    "doc": {
      "documentType": "Android Apps",
      "title": "eFootball PES 2021"
    },
    "acquisitionTime": "2021-01-19T21:40:17.728Z"
  }
},
{
  "libraryDoc": {
    "doc": {
      "documentType": "Android Apps",
      "title": "RS ตัวจัดการไฟล์ : RS File Explorer EX"
    },
    "acquisitionTime": "2021-01-19T21:41:05.027Z"
  }
},
{
  "libraryDoc": {
    "doc": {
      "documentType": "Android Apps",
      "title": "✉️Universal Email App"
    },
    "acquisitionTime": "2021-01-20T03:29:52.803Z"
  }
},
{
  "libraryDoc": {
    "doc": {
      "documentType": "Android Apps",
      "title": "Google ไดรฟ์"
    },
    "acquisitionTime": "2021-01-25T23:46:12.252Z"
  }
},
{
  "libraryDoc": {
    "doc": {
      "documentType": "Android Apps",
      "title": "ZArchiver"
    },
    "acquisitionTime": "2021-01-26T03:22:33.933Z"
  }
},
{
  "libraryDoc": {
    "doc": {
      "documentType": "Android Apps",
      "title": "Google แปลภาษา"
    },
    "acquisitionTime": "2021-01-26T03:57:20.957Z"
  }
},
{
  "libraryDoc": {
    "doc": {
      "documentType": "Android Apps",
      "title": "Gboard - แป้นพิมพ์ของ Google"
    },
    "acquisitionTime": "2021-01-26T04:00:04.187Z"
  }
},
{
  "libraryDoc": {
    "doc": {
      "documentType": "Android Apps",
      "title": "Files โดย Google: เพิ่มพื้นที่ว่างในมือถือ"
    },
    "acquisitionTime": "2021-01-26T04:01:57.562Z"
  }
},
{
  "libraryDoc": {
    "doc": {
      "documentType": "Android Apps",
      "title": "My Cloud"
    },
    "acquisitionTime": "2021-01-26T04:07:04.003Z"
  }
},
{
  "libraryDoc": {
    "doc": {
      "documentType": "Android Apps",
      "title": "WhatsApp Messenger"
    },
    "acquisitionTime": "2021-01-26T04:08:17.112Z"
  }
},
{
  "libraryDoc": {
    "doc": {
      "documentType": "Android Apps",
      "title": "ใช้ Messenger ส่งข้อความ SMS และคุยวิดีโอคอลได้ฟรี"
    },
    "acquisitionTime": "2021-01-26T04:08:27.873Z"
  }
},
{
  "libraryDoc": {
    "doc": {
      "documentType": "Android Apps",
      "title": "Microsoft Outlook"
    },
    "acquisitionTime": "2021-01-26T04:11:30.254Z"
  }
},
{
  "libraryDoc": {
    "doc": {
      "documentType": "Android Apps",
      "title": "WPS Office - ฟรี Word, PDF, Excel Office Suite"
    },
    "acquisitionTime": "2021-01-26T08:31:35.076Z"
  }
},
{
  "libraryDoc": {
    "doc": {
      "documentType": "Android Apps",
      "title": "รหัสผ่าน Wi-Fi Master"
    },
    "acquisitionTime": "2021-01-26T08:59:49.773Z"
  }
},
{
  "libraryDoc": {
    "doc": {
      "documentType": "Android Apps",
      "title": "All Football - ข่าวล่าสุด \u0026 คะแนนสด"
    },
    "acquisitionTime": "2021-01-26T14:36:07.494Z"
  }
},
{
  "libraryDoc": {
    "doc": {
      "documentType": "Android Apps",
      "title": "MEGA"
    },
    "acquisitionTime": "2021-01-26T15:37:29.174Z"
  }
},
{
  "libraryDoc": {
    "doc": {
      "documentType": "Android Apps",
      "title": "อีเมล - เมลสำหรับ Outlook และกล่องจดหมายทั้งหมด"
    },
    "acquisitionTime": "2021-05-16T18:49:46.467Z"
  }
},
{
  "libraryDoc": {
    "doc": {
      "documentType": "Android Apps",
      "title": "Email Aqua Mail - Exchange, SMIME, Smart inbox"
    },
    "acquisitionTime": "2021-05-16T18:50:10.378Z"
  }
},
{
  "libraryDoc": {
    "doc": {
      "documentType": "Android Apps",
      "title": "Titan - Mobile app for Titan mail accounts"
    },
    "acquisitionTime": "2021-05-16T18:51:23.574Z"
  }
},
{
  "libraryDoc": {
    "doc": {
      "documentType": "Android Apps",
      "title": "Microsoft Teams"
    },
    "acquisitionTime": "2021-05-16T20:42:17.051Z"
  }
},
{
  "libraryDoc": {
    "doc": {
      "documentType": "Android Apps",
      "title": "Google Maps - การนำทางและการขนส่ง"
    },
    "acquisitionTime": "2021-05-18T09:56:29.436Z"
  }
},
{
  "libraryDoc": {
    "doc": {
      "documentType": "Android Apps",
      "title": "Spark Email – Connect Gmail, Yahoo \u0026 Outlook mail"
    },
    "acquisitionTime": "2021-05-18T13:02:01.464Z"
  }
},
{
  "libraryDoc": {
    "doc": {
      "documentType": "Android Apps",
      "title": "คู่หูโทรศัพท์ของคุณ - ลิงก์ไปยัง Windows"
    },
    "acquisitionTime": "2021-05-18T17:43:08.855Z"
  }
},
{
  "libraryDoc": {
    "doc": {
      "documentType": "Android Apps",
      "title": "Microsoft SwiftKey Keyboard"
    },
    "acquisitionTime": "2021-05-18T17:43:24.797Z"
  }
},
{
  "libraryDoc": {
    "doc": {
      "documentType": "Android Apps",
      "title": "YouTube Studio"
    },
    "acquisitionTime": "2021-05-18T20:28:34.163Z"
  }
}]