[{
  "review": {
    "document": {
      "documentType": "Android Apps",
      "title": "เซเว่นไนท์"
    },
    "creationTime": "2021-05-18T20:03:22.897Z",
    "starRating": 5,
    "title": "",
    "comment": ""
  }
},
{
  "review": {
    "document": {
      "documentType": "Android Apps",
      "title": "Omlet Arcade - แชท สตรีมเกม และอัดวีดีโอหน้าจอ"
    },
    "creationTime": "2021-05-18T18:53:22.953Z",
    "starRating": 5,
    "title": "",
    "comment": ""
  }
},
{
  "review": {
    "document": {
      "documentType": "Android Apps",
      "title": "Any.do ในการทำรายการปฏิทินการแจ้งเตือนและการวางแผน"
    },
    "creationTime": "2021-05-18T17:12:04.869Z",
    "starRating": 5,
    "title": "",
    "comment": ""
  }
},
{
  "review": {
    "document": {
      "documentType": "Android Apps",
      "title": "Microsoft OneDrive"
    },
    "creationTime": "2021-05-16T20:42:00.792Z",
    "starRating": 5,
    "title": "",
    "comment": ""
  }
},
{
  "review": {
    "document": {
      "documentType": "Android Apps",
      "title": "Files โดย Google: เพิ่มพื้นที่ว่างในมือถือ"
    },
    "creationTime": "2021-01-26T03:59:31.623Z",
    "starRating": 5,
    "title": "",
    "comment": ""
  }
},
{
  "review": {
    "document": {
      "documentType": "Android Apps",
      "title": "eFootball PES 2021"
    },
    "creationTime": "2021-01-19T19:47:17.851Z",
    "starRating": 5,
    "title": "",
    "comment": ""
  }
},
{
  "review": {
    "document": {
      "documentType": "Android Apps",
      "title": "Google Play Games"
    },
    "creationTime": "2021-01-12T01:59:10.068Z",
    "starRating": 5,
    "title": "",
    "comment": ""
  }
},
{
  "review": {
    "document": {
      "documentType": "Android Apps",
      "title": "Gmail"
    },
    "creationTime": "2021-01-12T01:58:58.831Z",
    "starRating": 5,
    "title": "",
    "comment": ""
  }
},
{
  "review": {
    "document": {
      "documentType": "Android Apps",
      "title": "Android System WebView"
    },
    "creationTime": "2020-12-30T23:44:46.272Z",
    "starRating": 5,
    "title": "",
    "comment": ""
  }
}]