{
  "title": "2021-05-18.jpg",
  "description": "",
  "imageViews": "1",
  "creationTime": {
    "timestamp": "1621353647",
    "formatted": "18 พ.ค. 2564 16 นาฬิกา 00 นาที 47 วินาที UTC"
  },
  "photoTakenTime": {
    "timestamp": "1616430700",
    "formatted": "22 มี.ค. 2564 16 นาฬิกา 31 นาที 40 วินาที UTC"
  },
  "geoData": {
    "latitude": 0.0,
    "longitude": 0.0,
    "altitude": 0.0,
    "latitudeSpan": 0.0,
    "longitudeSpan": 0.0
  },
  "geoDataExif": {
    "latitude": 0.0,
    "longitude": 0.0,
    "altitude": 0.0,
    "latitudeSpan": 0.0,
    "longitudeSpan": 0.0
  },
  "url": "https://lh3.googleusercontent.com/L8Nmx5LGYi9birWjVk3Sx8-bScRh-z83aX1innHwADkDor5lJMgoId07nKE8Og6fuSXdbjmputin8Xz6YxL36DUttod57N0JKNW8vQ",
  "googlePhotosOrigin": {
    "thirdPartyApp": {
      "appName": "Facebook"
    }
  }
}