{
  "timelineObjects" : [ {
    "activitySegment" : {
      "startLocation" : {
        "latitudeE7" : 30824360,
        "longitudeE7" : 1016433334,
        "sourceInfo" : {
          "deviceTag" : -1531180852
        }
      },
      "endLocation" : {
        "latitudeE7" : 30814366,
        "longitudeE7" : 1016413220,
        "sourceInfo" : {
          "deviceTag" : -1531180852
        }
      },
      "duration" : {
        "startTimestampMs" : "1611631111315",
        "endTimestampMs" : "1611631231402"
      },
      "distance" : 249,
      "activityType" : "IN_PASSENGER_VEHICLE",
      "confidence" : "LOW",
      "activities" : [ {
        "activityType" : "IN_PASSENGER_VEHICLE",
        "probability" : 35.83388924598694
      }, {
        "activityType" : "STILL",
        "probability" : 22.28500247001648
      }, {
        "activityType" : "MOTORCYCLING",
        "probability" : 19.333285093307495
      }, {
        "activityType" : "WALKING",
        "probability" : 16.438153386116028
      }, {
        "activityType" : "CYCLING",
        "probability" : 3.6345094442367554
      }, {
        "activityType" : "IN_BUS",
        "probability" : 1.1261235922574997
      }, {
        "activityType" : "IN_SUBWAY",
        "probability" : 0.40068989619612694
      }, {
        "activityType" : "FLYING",
        "probability" : 0.2505256561562419
      }, {
        "activityType" : "IN_TRAIN",
        "probability" : 0.2459630137309432
      }, {
        "activityType" : "IN_FERRY",
        "probability" : 0.17746438970789313
      }, {
        "activityType" : "RUNNING",
        "probability" : 0.16691216733306646
      }, {
        "activityType" : "SKIING",
        "probability" : 0.051305274246260524
      }, {
        "activityType" : "SAILING",
        "probability" : 0.048565963516011834
      }, {
        "activityType" : "IN_TRAM",
        "probability" : 0.007592916517751291
      }, {
        "activityType" : "IN_VEHICLE",
        "probability" : 2.1033254427038628E-5
      } ],
      "parkingEvent" : {
        "timestampMs" : "1611631298576",
        "location" : {
          "latitudeE7" : 30814469,
          "longitudeE7" : 1016413146,
          "accuracyMetres" : 89
        }
      }
    }
  }, {
    "placeVisit" : {
      "location" : {
        "latitudeE7" : 30813196,
        "longitudeE7" : 1016412931,
        "placeId" : "ChIJ2WMIU8lLzDERij_KobMydsQ",
        "address" : "12, Jalan PJS 1/13\nTaman Dato Harun\n46150 Petaling Jaya\nSelangor\nMalaysia",
        "name" : "Kereta Sewa Murah 7SPEC",
        "sourceInfo" : {
          "deviceTag" : -1531180852
        },
        "locationConfidence" : 22.57556
      },
      "duration" : {
        "startTimestampMs" : "1611631231402",
        "endTimestampMs" : "1611773520165"
      },
      "placeConfidence" : "LOW_CONFIDENCE",
      "centerLatE7" : 30814475,
      "centerLngE7" : 1016413238,
      "visitConfidence" : 84,
      "otherCandidateLocations" : [ {
        "latitudeE7" : 30819453,
        "longitudeE7" : 1016409700,
        "placeId" : "ChIJuc1M56JLzDERWtK4EYwn0gc",
        "locationConfidence" : 13.948552
      }, {
        "latitudeE7" : 30813800,
        "longitudeE7" : 1016406698,
        "placeId" : "ChIJD2Oq-qJLzDERkihzZTskoqg",
        "locationConfidence" : 13.539667
      }, {
        "latitudeE7" : 30819570,
        "longitudeE7" : 1016412759,
        "placeId" : "ChIJR5tt4KJLzDER0hCva4UqoLo",
        "locationConfidence" : 12.570768
      }, {
        "latitudeE7" : 30814505,
        "longitudeE7" : 1016412726,
        "placeId" : "ChIJLdxknABLzDERrHNn9DtuCeE",
        "locationConfidence" : 10.8730345
      }, {
        "latitudeE7" : 30813035,
        "longitudeE7" : 1016412465,
        "placeId" : "ChIJ52tl3KJLzDEReYJbtfDcp7k",
        "locationConfidence" : 10.531103
      }, {
        "latitudeE7" : 30815433,
        "longitudeE7" : 1016411077,
        "placeId" : "ChIJp-2f46JLzDERq990SOSsTF4",
        "locationConfidence" : 6.0755515
      }, {
        "latitudeE7" : 30812250,
        "longitudeE7" : 1016412620,
        "placeId" : "ChIJU5ah_aJLzDEREZu0890raHY",
        "locationConfidence" : 3.5048146
      }, {
        "latitudeE7" : 30813062,
        "longitudeE7" : 1016412751,
        "placeId" : "ChIJH8tH4KJLzDERkCGg__EnI6Q",
        "locationConfidence" : 3.4643874
      }, {
        "latitudeE7" : 30822870,
        "longitudeE7" : 1016404489,
        "placeId" : "ChIJM-OKw6JLzDER921y2glvA8c",
        "locationConfidence" : 2.9165602
      } ],
      "editConfirmationStatus" : "NOT_CONFIRMED"
    }
  }, {
    "placeVisit" : {
      "location" : {
        "latitudeE7" : 30819570,
        "longitudeE7" : 1016412759,
        "placeId" : "ChIJR5tt4KJLzDER0hCva4UqoLo",
        "address" : "c3-05 block c mj/6 taman maju jaya\nTaman Medan Maju Jaya\n46000 Petaling Jaya\nSelangor\nMalaysia",
        "name" : "Flat Taman Maju Jaya",
        "sourceInfo" : {
          "deviceTag" : -1531180852
        },
        "locationConfidence" : 22.05238
      },
      "duration" : {
        "startTimestampMs" : "1611773520165",
        "endTimestampMs" : "1611854228295"
      },
      "placeConfidence" : "LOW_CONFIDENCE",
      "centerLatE7" : 30815375,
      "centerLngE7" : 1016410350,
      "visitConfidence" : 79,
      "otherCandidateLocations" : [ {
        "latitudeE7" : 30819453,
        "longitudeE7" : 1016409700,
        "placeId" : "ChIJuc1M56JLzDERWtK4EYwn0gc",
        "locationConfidence" : 18.297659
      }, {
        "latitudeE7" : 30813800,
        "longitudeE7" : 1016406698,
        "placeId" : "ChIJD2Oq-qJLzDERkihzZTskoqg",
        "locationConfidence" : 14.416406
      }, {
        "latitudeE7" : 30813196,
        "longitudeE7" : 1016412931,
        "placeId" : "ChIJ2WMIU8lLzDERij_KobMydsQ",
        "locationConfidence" : 10.487919
      }, {
        "latitudeE7" : 30815433,
        "longitudeE7" : 1016411077,
        "placeId" : "ChIJp-2f46JLzDERq990SOSsTF4",
        "locationConfidence" : 8.40956
      }, {
        "latitudeE7" : 30813035,
        "longitudeE7" : 1016412465,
        "placeId" : "ChIJ52tl3KJLzDEReYJbtfDcp7k",
        "locationConfidence" : 2.6711388
      }, {
        "latitudeE7" : 30820270,
        "longitudeE7" : 1016407424,
        "placeId" : "ChIJ6_Ed4aJLzDERptKqbf-xmpI",
        "locationConfidence" : 1.8994735
      }, {
        "latitudeE7" : 30818032,
        "longitudeE7" : 1016413444,
        "placeId" : "ChIJhbJeH6NLzDER5Z_Ja2V_2oQ",
        "locationConfidence" : 1.8008295
      }, {
        "latitudeE7" : 30815590,
        "longitudeE7" : 1016415090,
        "placeId" : "ChIJhXD9EjlLzDERHwHxiNM0Cho",
        "locationConfidence" : 1.7215599
      }, {
        "latitudeE7" : 30816089,
        "longitudeE7" : 1016411442,
        "placeId" : "ChIJ1fe446JLzDERUukkkikeRWo",
        "locationConfidence" : 1.5731566
      } ],
      "editConfirmationStatus" : "NOT_CONFIRMED"
    }
  } ]
}