{
  "timelineObjects" : [ {
    "placeVisit" : {
      "location" : {
        "latitudeE7" : 30818956,
        "longitudeE7" : 1016409789,
        "placeId" : "ChIJR5tt4KJLzDER0hCva4UqoLo",
        "address" : "c3-05 block c mj/6 taman maju jaya\nTaman Medan Maju Jaya\n46000 Petaling Jaya\nSelangor\nMalaysia",
        "name" : "Flat Taman Maju Jaya",
        "sourceInfo" : {
          "deviceTag" : 1264281923
        },
        "locationConfidence" : 29.001656
      },
      "duration" : {
        "startTimestampMs" : "1622177610892",
        "endTimestampMs" : "1622262204166"
      },
      "placeConfidence" : "MEDIUM_CONFIDENCE",
      "centerLatE7" : 30813800,
      "centerLngE7" : 1016411906,
      "visitConfidence" : 75,
      "otherCandidateLocations" : [ {
        "latitudeE7" : 30813598,
        "longitudeE7" : 1016412361,
        "placeId" : "ChIJyUIu_aJLzDERAAAAAAAAAAA",
        "semanticType" : "TYPE_WORK",
        "locationConfidence" : 16.758171
      }, {
        "latitudeE7" : 30813196,
        "longitudeE7" : 1016412931,
        "placeId" : "ChIJ2WMIU8lLzDERij_KobMydsQ",
        "locationConfidence" : 12.410513
      }, {
        "latitudeE7" : 30813978,
        "longitudeE7" : 1016412898,
        "placeId" : "ChIJp-2f46JLzDERq990SOSsTF4",
        "locationConfidence" : 7.9761877
      }, {
        "latitudeE7" : 30819453,
        "longitudeE7" : 1016409700,
        "placeId" : "ChIJuc1M56JLzDERWtK4EYwn0gc",
        "locationConfidence" : 7.535982
      }, {
        "latitudeE7" : 30814505,
        "longitudeE7" : 1016412726,
        "placeId" : "ChIJLdxknABLzDERrHNn9DtuCeE",
        "locationConfidence" : 6.410383
      }, {
        "latitudeE7" : 30813355,
        "longitudeE7" : 1016413005,
        "placeId" : "ChIJGWUcRvVLzDERt9uoShqsqjU",
        "locationConfidence" : 3.7714553
      }, {
        "latitudeE7" : 30822870,
        "longitudeE7" : 1016404489,
        "placeId" : "ChIJM-OKw6JLzDER921y2glvA8c",
        "locationConfidence" : 3.5730546
      }, {
        "latitudeE7" : 30813035,
        "longitudeE7" : 1016412465,
        "placeId" : "ChIJ52tl3KJLzDEReYJbtfDcp7k",
        "locationConfidence" : 2.8338943
      }, {
        "latitudeE7" : 30811740,
        "longitudeE7" : 1016419700,
        "placeId" : "ChIJuehH2qJLzDER12qVSiwUSRQ",
        "locationConfidence" : 1.8883841
      } ],
      "editConfirmationStatus" : "NOT_CONFIRMED"
    }
  } ]
}