{
  "timelineObjects" : [ {
    "placeVisit" : {
      "location" : {
        "latitudeE7" : 30813363,
        "longitudeE7" : 1016411819,
        "placeId" : "ChIJ6ZNA_aJLzDERp1XP-_Efy-I",
        "address" : "12, Jalan PJS 1/13\nTaman Dato Harun\n46150 Petaling Jaya\nSelangor\nMalaysia",
        "name" : "12, Jalan PJS 1/13",
        "sourceInfo" : {
          "deviceTag" : -1531180852
        },
        "locationConfidence" : 51.874744
      },
      "duration" : {
        "startTimestampMs" : "1612212838957",
        "endTimestampMs" : "1612214106680"
      },
      "placeConfidence" : "MEDIUM_CONFIDENCE",
      "centerLatE7" : 30813409,
      "centerLngE7" : 1016412791,
      "visitConfidence" : 79,
      "otherCandidateLocations" : [ {
        "latitudeE7" : 30813196,
        "longitudeE7" : 1016412931,
        "placeId" : "ChIJ2WMIU8lLzDERij_KobMydsQ",
        "locationConfidence" : 7.0352077
      }, {
        "latitudeE7" : 30819570,
        "longitudeE7" : 1016412759,
        "placeId" : "ChIJR5tt4KJLzDER0hCva4UqoLo",
        "locationConfidence" : 6.3534536
      }, {
        "latitudeE7" : 30815433,
        "longitudeE7" : 1016411077,
        "placeId" : "ChIJp-2f46JLzDERq990SOSsTF4",
        "locationConfidence" : 3.9042664
      }, {
        "latitudeE7" : 30813035,
        "longitudeE7" : 1016412465,
        "placeId" : "ChIJ52tl3KJLzDEReYJbtfDcp7k",
        "locationConfidence" : 3.213601
      }, {
        "latitudeE7" : 30813800,
        "longitudeE7" : 1016406698,
        "placeId" : "ChIJD2Oq-qJLzDERkihzZTskoqg",
        "locationConfidence" : 2.553832
      }, {
        "latitudeE7" : 30818032,
        "longitudeE7" : 1016413444,
        "placeId" : "ChIJhbJeH6NLzDER5Z_Ja2V_2oQ",
        "locationConfidence" : 2.5230029
      }, {
        "latitudeE7" : 30819453,
        "longitudeE7" : 1016409700,
        "placeId" : "ChIJuc1M56JLzDERWtK4EYwn0gc",
        "locationConfidence" : 1.7074783
      }, {
        "latitudeE7" : 30813062,
        "longitudeE7" : 1016412751,
        "placeId" : "ChIJH8tH4KJLzDERkCGg__EnI6Q",
        "locationConfidence" : 0.95124376
      }, {
        "latitudeE7" : 30820270,
        "longitudeE7" : 1016407424,
        "placeId" : "ChIJ6_Ed4aJLzDERptKqbf-xmpI",
        "locationConfidence" : 0.88031244
      } ],
      "editConfirmationStatus" : "NOT_CONFIRMED"
    }
  } ]
}